COST_CENTRE_CODE,LEGAL_ENTITY_CODE,LEGAL_ENTITY_NAME
ea5ebe0b31ee13210661173ef6283090,1f7e68f1772022850e1287cb0dd3d3b9,Legal Entity A
411862fd8e3e3159dd3afa59c0b676fa,1f7e68f1772022850e1287cb0dd3d3b9,Legal Entity A
b76bd63295686b7399fdf6bb5590a61a,1f7e68f1772022850e1287cb0dd3d3b9,Legal Entity A
8cc7d18c33f85cc80053342be1c44cf9,1f7e68f1772022850e1287cb0dd3d3b9,Legal Entity A
28c91b0c577cb06f7842b28fef2808b2,1f7e68f1772022850e1287cb0dd3d3b9,Legal Entity A
2232849007f7f98fedd0dac7bcfc376d,1f7e68f1772022850e1287cb0dd3d3b9,Legal Entity A
2f7fb79a5a1ef598503d228dceee754d,1f7e68f1772022850e1287cb0dd3d3b9,Legal Entity A
895b1aa5950dae6a33d8d441ec781634,1f7e68f1772022850e1287cb0dd3d3b9,Legal Entity A
ea66cdb9e728d4ca5a4c45b1171ae17f,1f7e68f1772022850e1287cb0dd3d3b9,Legal Entity A
623e1544a6a9e0f67bc8aa7343745806,1f7e68f1772022850e1287cb0dd3d3b9,Legal Entity A
cd9ca34914438e91280f71e52825d11e,1f7e68f1772022850e1287cb0dd3d3b9,Legal Entity A
3681c4be642a384a484dfeee846cfe1f,1f7e68f1772022850e1287cb0dd3d3b9,Legal Entity A
7f0a2852031c9ef5cd4bef8f1177c912,1f7e68f1772022850e1287cb0dd3d3b9,Legal Entity A
d1c453c50cbb5d75517fba42046e30e1,1f7e68f1772022850e1287cb0dd3d3b9,Legal Entity A
cdfe47044a0da8b9c8e4ebcf8be8da43,1f7e68f1772022850e1287cb0dd3d3b9,Legal Entity A
a7e828e029e7ed30dba2cd6a2b053fc5,1f7e68f1772022850e1287cb0dd3d3b9,Legal Entity A
9dd9d5d1525c13d16131e01e29af68ab,1f7e68f1772022850e1287cb0dd3d3b9,Legal Entity A
260ce6b0d64b500f411c0958ef783bc7,1f7e68f1772022850e1287cb0dd3d3b9,Legal Entity A
d2ffc2b8c5728cb7362376d913472651,1f7e68f1772022850e1287cb0dd3d3b9,Legal Entity A
1a45e45a80db5e5eedc7dddda608ce09,1f7e68f1772022850e1287cb0dd3d3b9,Legal Entity A
2cd85d7e946c2411b8c588cb013e02ad,1f7e68f1772022850e1287cb0dd3d3b9,Legal Entity A
c51d9664b8b4184b2606050480b777b9,1f7e68f1772022850e1287cb0dd3d3b9,Legal Entity A
bc099e4d2ec620123099c3ee95dd7ee6,1f7e68f1772022850e1287cb0dd3d3b9,Legal Entity A
c4d4334a663b0db33fb2ce0fa88608db,1f7e68f1772022850e1287cb0dd3d3b9,Legal Entity A
d0a8f97dc5d1de9c78c45c145c15813e,1f7e68f1772022850e1287cb0dd3d3b9,Legal Entity A
de0d9838cb6c8d95cf30ba087b05fd56,1f7e68f1772022850e1287cb0dd3d3b9,Legal Entity A
810ef93562dc54e1a95d032026de95fe,1f7e68f1772022850e1287cb0dd3d3b9,Legal Entity A
38d4d823998bbf712e8666495bcf8d2d,1f7e68f1772022850e1287cb0dd3d3b9,Legal Entity A
52c3121e393956660f2b412ce0c121da,1f7e68f1772022850e1287cb0dd3d3b9,Legal Entity A
1718ad2436e688910a2076562c482142,1f7e68f1772022850e1287cb0dd3d3b9,Legal Entity A
8bc3df4459b8c4dde0fa515674739b41,1f7e68f1772022850e1287cb0dd3d3b9,Legal Entity A
bf3e99ffd70d0d4fb2102c2c6b9d1fce,1f7e68f1772022850e1287cb0dd3d3b9,Legal Entity A
4f7769bed3ea2af09b57f26abebd9dbf,1f7e68f1772022850e1287cb0dd3d3b9,Legal Entity A
340aa1fa95763220dc5cbfa93422c7d8,1f7e68f1772022850e1287cb0dd3d3b9,Legal Entity A
1831ad19c05e8fca3cad5fd047c442fc,1f7e68f1772022850e1287cb0dd3d3b9,Legal Entity A
c3ca9b6871ccd9adff02a9806ae7c840,1f7e68f1772022850e1287cb0dd3d3b9,Legal Entity A
092807bcd38cbb110a5ea29940d4a012,1f7e68f1772022850e1287cb0dd3d3b9,Legal Entity A
de50003d2715ef3128c0f40513cecedf,1f7e68f1772022850e1287cb0dd3d3b9,Legal Entity A
d93a0df63859fde689940a9b8f7817f8,1f7e68f1772022850e1287cb0dd3d3b9,Legal Entity A
fdcf61b997e84a3640ad08f8cc7b635f,1f7e68f1772022850e1287cb0dd3d3b9,Legal Entity A
14a189dd169932f45f1876b55854cd61,1f7e68f1772022850e1287cb0dd3d3b9,Legal Entity A
b63bea42b31a8f83e6ff18d3b0651f92,1f7e68f1772022850e1287cb0dd3d3b9,Legal Entity A
15c7b361dae713fdd0aae7a767e05559,1f7e68f1772022850e1287cb0dd3d3b9,Legal Entity A
0e837aa58ed4dca17771f13ffe62f396,1f7e68f1772022850e1287cb0dd3d3b9,Legal Entity A
d13f196caf74b362961aebc82d8000e1,1f7e68f1772022850e1287cb0dd3d3b9,Legal Entity A
1a1922d5a8c4a1f6254920775118d96e,1f7e68f1772022850e1287cb0dd3d3b9,Legal Entity A
b6291ac96748352796aa9446373f8e07,1f7e68f1772022850e1287cb0dd3d3b9,Legal Entity A
700ec72021b39cdbf4fc26cbb479d1d2,1f7e68f1772022850e1287cb0dd3d3b9,Legal Entity A
10a05066750893d8389b6f1a800ebdca,1f7e68f1772022850e1287cb0dd3d3b9,Legal Entity A
44c81abdf080dfa2e18909d569f60904,1f7e68f1772022850e1287cb0dd3d3b9,Legal Entity A
59514b49dc12cb040aa1097394d8a628,1f7e68f1772022850e1287cb0dd3d3b9,Legal Entity A
bb1042bfd91886f6d97b472f45b4e87b,1f7e68f1772022850e1287cb0dd3d3b9,Legal Entity A
329aea91b8169e56d1105c1b0f3b15e3,1f7e68f1772022850e1287cb0dd3d3b9,Legal Entity A
19fe5ba70df2ba043d749562e2f9b7bf,1f7e68f1772022850e1287cb0dd3d3b9,Legal Entity A
66b08fb5f387f402f6fa34f88dfefd6d,1f7e68f1772022850e1287cb0dd3d3b9,Legal Entity A
8ccb49f3f86467cc5565aabc789f6d1f,1f7e68f1772022850e1287cb0dd3d3b9,Legal Entity A
f2d2a218800e59ba244576ae1584a388,1f7e68f1772022850e1287cb0dd3d3b9,Legal Entity A
704c7a1e413b049450f00ecd1fd46588,1f7e68f1772022850e1287cb0dd3d3b9,Legal Entity A
17c48a40993a242d603102a4ad457537,3dd883b9b9e6846c485456dd85cb855c,Legal Entity C
64bfb67b76555c5b6a373af965120558,3dd883b9b9e6846c485456dd85cb855c,Legal Entity C
d1f384937057d66a44c665923ff728d1,3dd883b9b9e6846c485456dd85cb855c,Legal Entity C
d96e48950b0ee61a1c6548c4dd7f225e,3dd883b9b9e6846c485456dd85cb855c,Legal Entity C
c2e6d49bcfcfd19b0c22ae6f830cf8d2,3dd883b9b9e6846c485456dd85cb855c,Legal Entity C
23dc9179aa16962c2146b744e78785bd,3dd883b9b9e6846c485456dd85cb855c,Legal Entity C
fa418c35ef91b24ccdbe9b44376cc71e,3dd883b9b9e6846c485456dd85cb855c,Legal Entity C
52e12180b1c930538f0c881d8984665a,3dd883b9b9e6846c485456dd85cb855c,Legal Entity C
65eca1b9c1fb14011fee24946da88f70,3dd883b9b9e6846c485456dd85cb855c,Legal Entity C
54ad31a937bbfda8f05d5f06ae45e22b,3dd883b9b9e6846c485456dd85cb855c,Legal Entity C
f1b6f8e048ed790b286349f2b84afe49,3dd883b9b9e6846c485456dd85cb855c,Legal Entity C
96b6d6a40f18980f92fcf70acea7bf94,3dd883b9b9e6846c485456dd85cb855c,Legal Entity C
3fc3f487508777bf0d6f1754d129740c,513b350385fb187b2de5afa4650cdf85,Legal Entity E
eee59e956a83b550eb6b5dc48c5e4656,513b350385fb187b2de5afa4650cdf85,Legal Entity E
4b04f806f71c4634c9041020c3f2639c,513b350385fb187b2de5afa4650cdf85,Legal Entity E
d673ea115e972b6265c4836ce960e550,513b350385fb187b2de5afa4650cdf85,Legal Entity E
75a1137c776c8c49ccbef6e808e2cf61,513b350385fb187b2de5afa4650cdf85,Legal Entity E
15ecd21641bf9f4098f766b69b797fbb,513b350385fb187b2de5afa4650cdf85,Legal Entity E
032c5d55dccb02b5a9313ee5d4c82a87,513b350385fb187b2de5afa4650cdf85,Legal Entity E
62509f6d93ede8fbb7893e9597e1f8b5,513b350385fb187b2de5afa4650cdf85,Legal Entity E
c4f3dc319142a47c98f7339e73ccf6da,513b350385fb187b2de5afa4650cdf85,Legal Entity E
e0bb0699721e932cf09fdb6e56c2208e,513b350385fb187b2de5afa4650cdf85,Legal Entity E
ec73c65a40d087f2b9d576bfe3041a7e,513b350385fb187b2de5afa4650cdf85,Legal Entity E
0938b69eb4a8c43416ba7b45a8f74cff,513b350385fb187b2de5afa4650cdf85,Legal Entity E
409d0c0d05ea84b9c5d732ae3dc1e91c,513b350385fb187b2de5afa4650cdf85,Legal Entity E
02ade6aa436f7824268cb39099b3b99b,513b350385fb187b2de5afa4650cdf85,Legal Entity E
eec860d8bf88894af2f08f8d48044ca2,513b350385fb187b2de5afa4650cdf85,Legal Entity E
834e8bf5c4335b59db1786a0f3000e1f,513b350385fb187b2de5afa4650cdf85,Legal Entity E
b165139d816962d42119c385f42e0ad0,513b350385fb187b2de5afa4650cdf85,Legal Entity E
65ca94efe27839b5e882c47679c4f0c5,513b350385fb187b2de5afa4650cdf85,Legal Entity E
907a517996b71dd323683cbcbf02fe6f,513b350385fb187b2de5afa4650cdf85,Legal Entity E
3d96cde96e09d79462c0ae42dd464067,513b350385fb187b2de5afa4650cdf85,Legal Entity E
2de6243d54edb190bd6de569cb8520e1,61504005e159224ecbc2f13f8abfe067,Legal Entity B
eab9a7638b08c29934354116f0098534,61504005e159224ecbc2f13f8abfe067,Legal Entity B
f42f9aa870362d322a67c691f4a357c5,61504005e159224ecbc2f13f8abfe067,Legal Entity B
53965d6d7823da3342e80015e654b131,61504005e159224ecbc2f13f8abfe067,Legal Entity B
dfc09cf2cf4a5d7d7208ef19d74efd50,61504005e159224ecbc2f13f8abfe067,Legal Entity B
9d85394b21d0a8e4af644ddab8a99cce,61504005e159224ecbc2f13f8abfe067,Legal Entity B
ee64d75df434e13c4159b1834ebcef9f,61504005e159224ecbc2f13f8abfe067,Legal Entity B
9134e9f3d4a61bbf11ab57248db5a0d7,61504005e159224ecbc2f13f8abfe067,Legal Entity B
b15711c2a5674ef659d1ed3f64b1d562,61504005e159224ecbc2f13f8abfe067,Legal Entity B
64ab69239c03bd6c0138739bec96061a,61504005e159224ecbc2f13f8abfe067,Legal Entity B
290252ec2b5c0175db2fd93a3f985004,61504005e159224ecbc2f13f8abfe067,Legal Entity B
0a7a7aa783cbacb1e8717515f87253f1,61504005e159224ecbc2f13f8abfe067,Legal Entity B
8413efffc897122cc8835dadb494c70f,61504005e159224ecbc2f13f8abfe067,Legal Entity B
e13faf09eaf2abffcc74c1e68bd45b72,61504005e159224ecbc2f13f8abfe067,Legal Entity B
7287f716160fd62cb296d8321cc08507,61504005e159224ecbc2f13f8abfe067,Legal Entity B
cf572205476ba67614a0d00c51a71ad1,b03b5afa72f7c8aaff4495ccdd3baa40,Legal Entity F
76859228f68da87240e1212e87a235be,b03b5afa72f7c8aaff4495ccdd3baa40,Legal Entity F
c49c534a7afead2fb5cee9b27f06b132,b03b5afa72f7c8aaff4495ccdd3baa40,Legal Entity F
6792899fdde2c790bc85d3aeb1a13786,b03b5afa72f7c8aaff4495ccdd3baa40,Legal Entity F
701cf8d18dd7557054d234639d49571a,b03b5afa72f7c8aaff4495ccdd3baa40,Legal Entity F
3bd137cc1da0a301c9bd5093e3c95a30,b03b5afa72f7c8aaff4495ccdd3baa40,Legal Entity F
c174e2345683ddfa317900cdd6fcdd72,b03b5afa72f7c8aaff4495ccdd3baa40,Legal Entity F
b3980e65d37941281480161b978c2349,b03b5afa72f7c8aaff4495ccdd3baa40,Legal Entity F
30b5fa32c931f51f9e4ff03798df940e,b03b5afa72f7c8aaff4495ccdd3baa40,Legal Entity F
73c6718ec5738fde91bacf0f75d93b5b,b03b5afa72f7c8aaff4495ccdd3baa40,Legal Entity F
21ea3bf754b76aee1d1527bf9cb864c0,b03b5afa72f7c8aaff4495ccdd3baa40,Legal Entity F
a3b085d69da624fd5a9497aaeda8993f,f948de284c4b89a91837580e5d70cfad,Legal Entity D
d4bfec62ea0e661311036437ac14f99c,f948de284c4b89a91837580e5d70cfad,Legal Entity D
9cf40ee95e4bf5783468f5a5e516da7c,f948de284c4b89a91837580e5d70cfad,Legal Entity D
897ae5b44f0a09efdbeca469d0e9520e,f948de284c4b89a91837580e5d70cfad,Legal Entity D
8152ac555707821a0cc9b7e88648c0e1,f948de284c4b89a91837580e5d70cfad,Legal Entity D
de0b0731f1a795b2340713a5056d520f,f948de284c4b89a91837580e5d70cfad,Legal Entity D
e7d2802721d56f14d0f434f7d34398c0,f948de284c4b89a91837580e5d70cfad,Legal Entity D
483c9c771889b9e03266a92182658393,f948de284c4b89a91837580e5d70cfad,Legal Entity D
b860d14a564ac277832e0c8b53f21ccd,f948de284c4b89a91837580e5d70cfad,Legal Entity D
be209f54b51f46375553a0484e4c7e01,f948de284c4b89a91837580e5d70cfad,Legal Entity D
cab6fc37cc49fdaa78b7ba5750465624,f948de284c4b89a91837580e5d70cfad,Legal Entity D
ff5da52cf36bd75fa2ab1a44f091fb9d,f948de284c4b89a91837580e5d70cfad,Legal Entity D
20c580de85c04c2374fa8bd9f8737d23,f948de284c4b89a91837580e5d70cfad,Legal Entity D
37df5a8a82418bfea0214e6a4fdbdf9d,f948de284c4b89a91837580e5d70cfad,Legal Entity D
aef9c4947e45cf967d4e2aca1e238c6c,f948de284c4b89a91837580e5d70cfad,Legal Entity D
5394c9f062b6bee12cee433141b5adf2,f948de284c4b89a91837580e5d70cfad,Legal Entity D
c5c8c7ea287586b2fffbbe5e798db5d0,f948de284c4b89a91837580e5d70cfad,Legal Entity D
3331d7f0b638bd44291b08fdcdf95ec6,f948de284c4b89a91837580e5d70cfad,Legal Entity D
bfd8c06c85569a6b8647e7ee2d34177d,f948de284c4b89a91837580e5d70cfad,Legal Entity D
3eb8e3648ce066a3309aef2bf9970612,f948de284c4b89a91837580e5d70cfad,Legal Entity D
0a52e71dba012ac1049ee100a185ce81,f948de284c4b89a91837580e5d70cfad,Legal Entity D
