SEC_NUMBER,ACCOUNT_NUMBER
32044a0bbb0f2b267beda47a9aee5782,00511e384a36c88bbaa41a23aff7bea9
89d383e47f01c4d5dad3f045f0c57e6f,00c28ac3f58f7dfd75198ae0f08fddf0
cd0d4a6163d9cf7afc511ee6954a2c71,00dc562784141cb0e4caedb104837023
c4607e8caa1ede23f1a174c2f0917b22,016f64964d2fa4468f0c913c98d9d3c7
c888b34766c33082362e32e69a4f3200,02558e9535d0cdeae461f11fac395bf5
b6683174fc5ed2382d6728ede105edf6,0265e01541b76a42a38204f2c4163a26
0a25df213954324320ff484ca5b37f81,0265e01541b76a42a38204f2c4163a26
03030e011fecd9595f6387212ed9ed52,0294b5430da7f5b12b3bae0cd055acb7
d80bcd591f11b8f604b94b7c8b1808b3,02c45fa01bbbf4b7d3ed1af17bb1a1c3
89f0191f7894441e5869b7db0aba5047,02cf51af4b94297db930914def10ffbf
5e7890f776fb85bca942af27b0efe81f,03f8e1939a6186e3b5270352c7733eca
7ca5869b69bd4fd68b2c7fd7d77b6475,041f9cb4f7316c337a3fe9747568bcee
053c0513c6fc5b71f1e75d5ecc69ceef,051707a91b305cb6534132b29778b3e4
d5dfac53eb01fa20615cc6cf1301e9da,052e26fa9242af8432a2b8cc4124bc99
c59f357db1778905fb94910295effc2c,05b4429bee91c29bc77ddad7cabb04fb
0b93dc37627faed02ca837e422f29517,05b4429bee91c29bc77ddad7cabb04fb
c3d8618e761f8c81136df058510a34d3,05d5e58fe09111439171fc61ad644a7c
3d23d15e2e861d31a4f265dc815a6047,05d894cee720af75916295be7a422c5b
b0693d139857659b50236c9fc6b7e64d,0636b8336b6ba39fc0925bd57662c097
977d839a17b96b39fa912caea7355939,0651d6bcee73a083792baeb2afe798d8
0172b25d4aee219aad77ac8e8859716f,06947464e0a9c5d091873463c853532f
556ecfbf8a643ec79dfc036a606b8df9,069f988c12d0cafe966ffa5b60b4350a
a62420769b5e3642fd80e70bae93439c,06cd4f253948e97b59a0940453703190
316f37d8d453f69efba04336e4284044,06f03da33fdbc39cb7c62f80726fc088
2363e7105877492cc0b1d134e339da35,0731e8d7d7362e41a475784e210e3bf2
efcab5f15de8870015016373189cccd4,074636c1953e0309f128d57dcc8e253e
7bad9706bf29f1a541acce335cca2e95,074636c1953e0309f128d57dcc8e253e
c32dd806e39c3edfecc9c5e7f904135f,074a09deaf8b410c3ad1a35b77fb541b
5470e30d1d3b7701b1551a0f0f5398f3,075e16d5d871f47c529e09a5fcf27499
83fd4d43b25de4ec394e3c481570f7b2,080044d418a2da35e4354679ab6a1daa
93b03b49e68424865b979795505dfd5c,080044d418a2da35e4354679ab6a1daa
aba04e296352ce809e69095a9317cee7,081125bb16e68772a01c5bf50d059396
3020eeb40643495cd7b98a854ffd4a14,0857d25070da6132434903d8f7e5d2dd
d1be6c5b6c17364c1a43df2055121d23,088f34435e6549a864512732b64dcd37
9957ed6b37be85ed3a925c7ac88d70c5,088f34435e6549a864512732b64dcd37
01576ae226b8f69a4054af64cea8571e,08aeb20842b4aa5b9354472dc44387f2
ac0109ae552c00e2ff96b299a905da11,08fe8e8803840c424fa0a2e8b3b17870
746cb76f33bce77ccb7c3fead9530c95,09572f3d3a62aebfd23989a688ce5df4
8cffe73a1d5a888e060621f746edbb21,0a123914a60efe7ddbc1ef0e0197721e
c3caaea15f37b0c628faf8d585ee1177,0a5ff4429a660c6d1cc796bfc90bc43e
af9307b2b428bfbf1cf0fdd794f270db,0b1c2da0d3c19c28688dad247b169c92
2b7a3803a04a305bc751fef7976eb59d,0b2cc08fe123ab5fa49bc1fb3ecc2900
21407afdb6b91be681648f4b5ba57c00,0b7de07dbfcc234c421ce345be192389
26277fff69d88781c0def10f7cf77080,0c06768094b72206be91ba48c3c40180
7d455ba8c808efab99a5578164e55a86,0c06768094b72206be91ba48c3c40180
37a16f4b1b16cc9b64b7569249ad35d9,0c4e713c7e61c2872d43ee924f1e7c10
8d190ba16b45f09a083dc51cf9f047c8,0cf40db68d5536683e84d433c6539f37
4e807d74402f9826d5510119e2f39b64,0cf630514f6d784630bb3b0676d63ba3
522a265c9d880531a5647c2b8c3154f5,0d4148936ad6748b038378de4b4a448b
891b9a6a7404b54365a5987e0cf8d710,0ddcb053d427208cc490a5bb48d8c815
f6b7e71373c7d6a5bbc525073fda420b,0e43d5eb1f2a6c7a505718310e3a119b
6be3c2d23e9566e5d1b2cf2443ed27cd,0e7066e1ee512fae750cc3112b9bee34
a7bfed53cdf5aab438f53bc19c749a3c,0ec859da943d735e9249d9d0ed95bb57
d28c54c3ee3adde3cd75d57edd0d8a62,10aea1a1d367921873b5c51c367037ec
7d86ee0605aa714797dc18182b0a6fa5,1142b86896ba32555f96b10a309e2dd7
ed2082631ec16e65ead40908fbcfb686,114f510e3c5f759789394a4d615dac41
184d865db12222bc67e657ea19e12bef,115be19cd7369a60e1eeddbd94cd9b1c
4098a1ff842411c593274e2dd25df980,11680d46acab3981a1ca0e1160f64eb3
9e597f1bb4f2e0d62973793c4f53cf65,11680d46acab3981a1ca0e1160f64eb3
609c89c8f5f046b3a994103900e3ee75,11680d46acab3981a1ca0e1160f64eb3
820977089518580f1f8e244c4443ec3b,116ff1fa7db1928b7ef48c08c07f1873
1e216c2a201f05ff7362923bf3572248,126fbb18bbe56aa0e8317d4067dd196a
61f4fc11fa5465285419317079303da8,130289193ec0d055c26b38bde1c221c4
2fb7b65926caf4f15ea051a37314785b,131bca9cb7e6596d49f6b3af81005649
16e218d9eb6a6ad48f3597e6595ebfbc,13950c273398e31f2b80ed15f243f871
579075abbebb7281fc7832fa08127860,13e743a0d8fbafd262eb88f2c557e9ea
a5d93c4980a71970378d5ec854e8ea46,1434b6b17147f3e275308a4c981a6e06
bd1f87e776b4642ea844845a30579b00,14d161fdbe7cb995c7c8d4d394c1aaee
497f6e35fca31139180518f33ca875a9,14f2e6cb7e7283d37bb5b302b09ba013
3e569e3bb69700315349f90d43db2883,15374aace9e5b939147f5f9575f365b5
129643d2151e16b4d8ce51a5bb975912,15757342b5a9c13f008842d8559e9ce8
86289ca4d35dd8f573fe8c7b201f4983,159afe7d7020b217ee3f0c78f9571ad9
575e82f8d9735ae096d36319ef4f9c08,15ca01ab392b9440cd306ed285ebe96b
ba9182ba3db4d7dcae2b7f010956c09b,15d665ed9a1a1c202f986b7f2ad9280a
9c3f729799226841efc98b409850a0c1,15d77470139cdc44475ff267331c8347
4e584435a284cf492b712ef1516ebd4c,15d77470139cdc44475ff267331c8347
f8be7b0a9db2f93323e2c27a5c57416a,1601f4bac5ff1b3fed6e6e6432429feb
25f9af6d544f169cc3e0eabbe354e229,1640ca131ec34a8c126a0d56a27c1bd4
fe3730d16d1ef628369e87f851b9f379,168ece8c23343565b4eb82ff3a0bfb3d
de17b8142ada4e2601f8ce24750b613e,1778207cf98bded2ab6b535e5bd9e17a
95d0f4824306a132137f430da5c858f4,17e88e80a4a89bacd444af28a66c4be6
e94ca8286eb8d44a82c41a89b33764c1,17e88e80a4a89bacd444af28a66c4be6
32307d490af9dbc41c8b6083130891f4,17ea513ce0d47a312fd46d4a6e7e35c0
ad5cf6e76aa4e5281aea88391d095888,181020e4745301fb6e7ac91409e110d7
9f0f34b86c920534be61262b348d21d3,18e394209b7f4e2f224fe9b21f934538
cef3ab1a4791820b2a73b552b1ef226e,18e394209b7f4e2f224fe9b21f934538
940ed16f5f0b935030e88b3b472a5228,1949682efc1878de227a7397a33b397d
6001ef5c3face0f2ddb3f4d324c33243,198a3de9271656e0f8ca32290619c093
a46bf91e24e727eb8238ccec88b82354,19dfc8e12067dd890d54e6cbdb55e3b7
f5ed7f1056390108128ba6981048518b,1ace7ee4e095aac7b7e734f48407a3f9
7b8e9d9fd20df31aad485a76589e3b8a,1ace7ee4e095aac7b7e734f48407a3f9
98fb7f7793f0eb18fce8ecc7b0d8dd12,1b5e27ce75610bc0e6be51987c61e051
59eb379b81c3a174fea85c0f05134dca,1c93178775d6f0bdf11fd0830fcfc9ec
cc7cc50282a9596e899f12ba80e6bfbc,1cedc96ade329a3cf607c9ccc4fedabc
52641d05dd93e83529838f78055c24ef,1cf0860d784838eca5c432d149e98e45
c73ffa9b076b07628e026517912f68cb,1d1351c3d5e77c86c9afa5d4db5711f5
b61c917e828b9ec65573a8c03a5a5669,1d318ef7abf54ae674bd7efa2b1ffba2
d5414e1318500c446d2b97c33c8e5626,1d318ef7abf54ae674bd7efa2b1ffba2
4d8b4360e95b7b79891f3347359434fc,1d808d1a9365864b6159e239da3e8b92
654f685bed3c0e8323a58835e96f46ce,1d808d1a9365864b6159e239da3e8b92
5eae864b45c7d59cc8a67be0566e7454,1dcdeff22ecd2a0b59bb5becb7fc02d8
c9f3da90af4d9681110b672eecbb565f,1df08857c8eac1ffd0fef367d4b96995
6a6921f259f4c92459bef7a9d2ec9713,1e1ad32e79b64f3ce50de200f07f2daf
f37b6785ea8177502ef10c184619a3f3,1e1ad32e79b64f3ce50de200f07f2daf
69f689c9588ffdcbd1374b0581726e72,1f3e887ddbd8d49068e7b2bf095a760e
23798b9cc02c6815249615f9b87247a0,1f9ba1b34c62bba08b8fc282ace8c0ad
0f5b2665012ae2931164a99c75ec61bd,1fcc16511f980ad911642a5866f4cfaa
e310f77a10a112abbf3ad2dde53cb7f3,1fe414468e6273717ed6601b38318723
b3e4d9247532f51eca5f95d5777a4c8a,1feea37a5673a69996ed8318a95156f8
9459a1b83a4729a6b541dbfdb59f4d59,1ff75bcfa0cae20b2d5bab9740bbc4e2
cd63d9d932ab73c74653966aa0416aaf,205ef6865177cc6552c3987f678132e1
b58001588cdf9fdef53490f26bfc0340,20c69eedcf6c1084ced275b9980a770f
1e6da9f3425ed6c59f52e0b68d9e99fa,21f44e8f595a00dd974ba2699d189309
bf7507ded7dd5817cc1ae97af5cdb058,224407a40402e39a0cf3a223f5b9e04f
8277073181fa08b60502fc8705762ee8,22e217ae203f13aa7158e58782f8e559
d6be13f87bb0bd98055bbf687c554cb8,23ed12e39d66568cbd685eadf1788e49
072f4c35b3934bb0e5a51ac42bd6a37f,23ed12e39d66568cbd685eadf1788e49
2897656ea377e58fb1af08554ed019b4,23ed12e39d66568cbd685eadf1788e49
bb803315067552eaca230710da2bc059,23f1ab0bf896967aa2d7a1231581b7c6
d6b85eca4659a17ce7f827994d6d662b,246ffb06669c7d2d5fc1d0ee91d2be70
cb27fdee349ed42b8afde8b92ff7c47e,24e3026ce253576209ceeae3c7b79c2c
7756cfdb521480405770161ea1decefd,24e3026ce253576209ceeae3c7b79c2c
72ad8ecaa98e6bae7d4e625ccf644e52,260926619037923c3a200e3a02be73a6
3611d51488ed50122f10faf8e8891abc,2619c19c4bdf14a0964c6470e7ea6f84
efa621636a81f20f2c7c3659d7702af2,2675fc0b1bcb6109f4ddb59e76f67e29
457a55b595622daa070c57763ff7663f,269b501cc41558875378c311188abbec
daf5c2b5f2de0ca1617912fda93ca437,2760eda0c598c3999eba1d545d24ff63
45579c8d4589605a2f052d9ada2db14d,2796bfa4a6614ff8fedd768ed0bc7118
427ef859d110ad3e2bb9989b24ba4cf8,283a3dc3046a81ed274b2d2567ed5ecb
0f8ab70ae99fcf7ba533059b7acd4311,28481cacb40c2ff236c1f67891ed3693
3e42714c9c57dd8872bdd040498a13f2,284e91c76cee7b1e61be7626c5bfa705
3a713a608d91179e6be6211a843f9ab8,285def31f13fa5e258e145915647e047
ec0dd655afdc105f83e880010ada1b78,289bdffcf4268c91cad62032fdc15491
efb34cd30c91b436ecda474c89f5073f,291270972176b944b8892b38ca82bec8
2c061d651d6d7c8408a84715105c03b4,29671104270445390c50c484bf8ef96b
b333240de44f7100710849bb8c0c71cb,29a8eed6fdccf58a83a38995a53366a1
f5c7c0ec43b8e19bd313135212952f78,2a421397c375d32a1703e05fa6c795ef
84e7e29ca390d387d30d8a61fc91e411,2a4c176cc9fdae0f6c9dbccd06eca5d5
ed8fc42adbb8cb47db440a51ebcacc7a,2b2edc71fb9e6eb7fa5ce3a92cbed76f
d89bee98a333ab7c6d4d3fd64fe3cd1d,2bb2d48ebcf95f4ef5890071dfcc3076
c7934bb3330c3c3002906620ff22abdb,2be4696b6ae1ab7ff2b3490966c3b0a7
a466e00eb3711d7029f931aa3ae765ea,2c5dc3f54814fdd031b5aa531ee1744c
9e0cbea7d3319c6c94c71dfb93c151b8,2c7461b45139c0bedf0273437f53501b
37214f8c984b88a66d4bf60fb8e0051e,2ca647753ffe8d54bf77c19c90d8aa43
bc9e7d928b0a0cbe187690b96b4307ae,2dba67adb2aae58bb5220944e9a8c556
fbf9b49a7fd59d1fc51bd7fb7327c98e,2e24edea4584f274f7856aa3f5435ca3
ccc42d10726c4b9e118c453b4bd19bf7,2e289680de01164d48331851cff743a0
0f87ac3d4740aa2153e89674283df065,2e289680de01164d48331851cff743a0
c7776a0b15da09dd83d9f60ab87b6043,2e2df8681fd8397acc475f99d0091f37
52070a8d719353349a121cece5da545a,2e7a39d63b2830e351bd0549303a5b75
4960615b4209a8b3100f5627715da1b0,2e929bc60004858f47cd04ce0e642866
66674d6425f75f454a1e69a4416fec62,2ea09bbd110445269f88a79a79bbea15
ba9e6c04b074c75115bad439117357e3,2ea09bbd110445269f88a79a79bbea15
d0e4c3d24a7dc0df317adf41bc4d428e,2f4663dc9fc3ebd7b710f338bd55fa06
42e877141addd24768151f772287ba2e,3059bb06f70804b7d126053782931d01
8a690d50507eae3285e9cfcb5db5a51a,30a1570b3721880b07b1f438365ed84b
c6c5cc5f9d921fd0908ad591f6208ca4,312b336bed48e39e113703db9380a169
17c327b90521a2eff714cd1ecc642369,312c189ff7abb7a9d0d340e01edd3032
a5850eb6bae36ad03a80d34f5b420a22,3143488242a499e999d2a0ce6c986b31
ff4b660d4bfac3403818ace10036c402,3170c2246d220004a3f3ac5dbb6f1aca
819723101ec2c103ee3f35dbbd63f0e1,3180a09a72265bbdce6ea57408edf33f
d5429c1bff5d6027d53d866c3a93abab,3180a09a72265bbdce6ea57408edf33f
9dbb5747a1d88a17d1e1b19f38a32002,3192eb362194dc70819d9cd157ac4806
c06e8fae867c0dcc029903296ecc039c,3192eb362194dc70819d9cd157ac4806
c1aabbf618c7b7d5f615b95b80fdaf7b,31aee80fa8a9dc49c37a9044170005fe
af4c7ae15b4ddb82bdaa41add82dde2b,31d7057d7374fe49345a9e666e67fbd1
2896ac3a55b725efa68ed2e3d48bca96,321f16698e6dc0abb745f8b4e65018e0
dba160b3db352824e0ab1714c158ee5c,3227eef8b0549ebaad9aff45095ff07e
ff71909e8620de346a47f4ede09cc91e,3227eef8b0549ebaad9aff45095ff07e
4e3478dfd1dbd1543da4cd9764ff1aec,32774ddbf00336f87b4533b1434bd34f
2e8c78eaae6af7d7bbc47eb2e6e5207e,3278a8aca6a622f0108c4fa9dce79d09
f6b2b95985ee43c11d71218acfea02be,3290c97ed8f2bf6a65a854d2ad98f01e
61dcc7a859c4a5c3034bf3c94467152e,3290c97ed8f2bf6a65a854d2ad98f01e
9a44a78c59bb548fce68b71442dddc57,3380f9a3042f10753b8da005ae5a1cbe
74870d30432bb2c353e8fc87c2e07435,33bf8844a711832f33aeb23721ebde59
4b8232879904e2b4d993c9471e6a1b65,34490ed24fae5b6de237c3b5b990e803
f7bf392fbcb994df29ccdb08e45f4bcb,34490ed24fae5b6de237c3b5b990e803
5ab6b7afa21e40aac0c6a5c75b2cc964,344e8ea306216e6994130d337797e7e7
debb29405914329ff36f963d2f1b8b6a,34723fd2221ef71614b21c7c3a44e090
f959e269b23bd963627bb2d4a0f5a15b,34af9e743d205f77dbc4c8ce9333f06b
4a6d23857f6a01ca0d3ed58540872027,356bdc831ba74252cbf5514a32eadaf9
a7095c6149d63557f72f23e28177d4dd,35b164f6fd954ed160eb8f1dbdf9945b
122ef8c02bd8bbfe6525e463bc31f103,360f9cb84a3e2c7b0f7a1c24ad8dbc49
d525cf46c5d067a1bf10ba2261f3a173,3623ec2715bd0a47c84cfffd567e1916
6b761f943055a5e43e841d9dc3df72b8,368bbc581a27968fed637cf82f8f9c49
933abd13ba6da8f6a8fad256bd16b489,36cb35e655c9e9daaa710fd3f0c197d1
d5a8f2c4ec8d41b636a9e7f57569a6e7,36d05ee224d455f7a3ba28db9bdf89e9
ae1bc8f17ba76e1c5773e3cc5737e587,36edf854fee7bbb867dc957fe7d36b8b
47aa7ff51bbf6d1ca2a747249048aae3,36edf854fee7bbb867dc957fe7d36b8b
be0d8e82a66a9eacd62ffe5843fad975,374a52eada9423e8c14b1cc473b1553d
4874f2f25eb30803ebad6fc2797c84dc,375366beccb71bf4de0778d2e3e78de7
6632bf5f525dfdd4260df7ed69adf09b,37dbca90b20234e04490b1589614d86e
2dd543c03d2299a7226de58e131e50fb,37dbca90b20234e04490b1589614d86e
aff2e37eaca9addf05f2c34b780f3699,3823fd84d5225d889fd90ac3742a88f0
b12a9294c4a8be04a34380cb6ec16d19,3823fd84d5225d889fd90ac3742a88f0
fa930de8fb2beb90c42bda10439d542f,385af095d3276bbe740e040ddfb3ebb1
ee9a684cff69bfef2132faefda2685ed,385af095d3276bbe740e040ddfb3ebb1
8b7991e9670278e2ee98b730524d5440,3878057361020ccfc89a5f9efea5587c
991f66091219f5bf557d891d44ab8b35,3892b0f573f22660e9564d7952c8a12c
548b6df3af277b64cf0cb6ee4b81c5b6,38ec6540c870f1f8c36e0cadaa4aed3b
de6f75ddbda54dcf05cb061b845e911f,38ec6540c870f1f8c36e0cadaa4aed3b
25caf8df71cde3025698dd2142ef9d82,397be592cf9b50e4a0cf6c87d6f18089
e4f809891abc418ba5ca19a0125975ae,3a243e88fea279339465e9cb4465b4e6
38d21583dd4e6369993c449a01e46e0c,3a243e88fea279339465e9cb4465b4e6
b44d43623d7221ac8ef882798e3216bc,3a243e88fea279339465e9cb4465b4e6
14cf251f5ca6d6729a899e578371c068,3a2f5436d6999ad738c62e011adfc05b
fad5476d055a26a0cdf02ab18a090fac,3ab7bf1fd5ad4c4f98b2037059ed620a
14490ad39a6c889a5d0310b84014c195,3ae5046375991084dc259417c4d97220
13a6b8108c0f79180b277d1de81447f2,3aff50d9fabd3648c3036b729486a3dd
211f351a72ffc13177c025bb60287a1e,3aff50d9fabd3648c3036b729486a3dd
17aa570a7bc5bb2a8a3128f859a24b7d,3b6fc2218749a4995af1938e45b21176
74e234cf47ce589b33477168e335bd75,3b6fc2218749a4995af1938e45b21176
d92226e4e7db12ebbcf1f4026340cef2,3bff37cbc465c64b7efe87d131ed9954
67f560aff9e82c05208b5859ceed5bf4,3c01e1e2aceacaf16b05c498319c37e3
1a05baf627e0afc562eb18381aa01a06,3c28a0bb6f529d21ab7784a8cab8961f
151f1d6d3bf7aa4c0e3c65f2ca8d7d5c,3c584245707566f87e87a75fae49d0f7
774fa8d3d95e3f6eac00c796199dc355,3c584245707566f87e87a75fae49d0f7
d6fe6e12906f664619acdf8d59678585,3c9424ff520ed1993407077ddeb3628d
fe47ae92dad9679bfc5dae325839e13e,3ce223cb401190b2726a8bf24ad83deb
ce922a0f523d2bf3d618948c001bca6f,3cefc449e21f01f5186c9192bca73458
69aed7853b0709992284d85f990dbd80,3d16ef94433304cf7626956a33d899bd
4735124c07e4b81683c5917e970c10f3,3d16ef94433304cf7626956a33d899bd
3af1b25b40ecd9068aa375e58e60ac38,3d2712566f9f6417d8491ac6fb035881
c87b13613340d816b16f55d7cbbcf8ca,3d8ffab97ba08fba5110d8ec0903b66e
b0e115adf057d214127b719230eaf06e,3d922d9a80eb1add58b2ac4e473baf74
eb1ad4f793ff9158869d849201defade,3d922d9a80eb1add58b2ac4e473baf74
190d028e7c362a895fe3c41672979dfb,3dec125b424185ef64519a29f85c1375
6c6af2f7faa51a52c5e8e2a48b50598e,3df6d72711fac5a500f87229a7a61ceb
4b074824a18de62c02d487a8775f4bed,3e2419e5b5379d4641faf5d4e0d72e8a
d7036125ee0ef100baf2b3dd9ad679f6,3ef9ecb8473aadf8c86a72a9fd8a58bb
49781b90b09db1c685719a3e01ae7f88,3f0a36bc931a9f998d397336dd9024d4
3a25b20d19657538f8ff8c02cb7ca59f,3f8fe0782614abba1388ad9dfd75d731
8246674e7049f9b875bdc38a95267b16,3f8fe0782614abba1388ad9dfd75d731
a5ae6458911eb24ebd4a2262692e5c0c,3fff29366666f4bba69f0440beed448a
782d20e256e70dd30a57e8e06d1e1db3,40f69da0c98a30a8fe7b97739b49b08e
a79552b6564c6a6dfd3b7ec7ab38f81c,41ce714d0d6725f566150f1ac05c8788
790983b6ad42371e61af50a247eb7d92,42e31fe2eaf7a9ddbe8eac1719016c25
60ac7c34ec1f6aa36000c1b295b45b7e,435183ea1724a848ef57f2bdcf4a28c6
011efb60cab6406e8980e18a3f2f760c,435183ea1724a848ef57f2bdcf4a28c6
51e8c9a9f452b41a23eee7c384876585,4364d59ade7b9707cc631cf3bfb2b3f7
cb12c8332cc13d55c36ea3699f984301,442a5435515bf71961bf43862d833730
75ed2971e0917d9f6e88436c47f31382,44a9a888ad24ad00b2b7c8e38285ffbd
b1312c24fbc41cf823e82790d064b886,44a9a888ad24ad00b2b7c8e38285ffbd
ea75f4bc1113124bbe67b7dc8f4d435c,4543eccf8c3ff1afb72739241c44b112
a44a80438d1fe335a3cd9e179ff8e119,45c87c239773768631e4a15bfd678dd3
ebe36f86004db3d910f4b1560b0a2b32,45f49c8c09e97d5dba7d24ebdf4027ac
3e1b3cc49631b94c7008762009aa0664,45f49c8c09e97d5dba7d24ebdf4027ac
bb372eee663fb9b72f0aa86bb8189f3f,4618117a2455c83a94cffb5f688707bf
0611dfa29e9ed9253fb69ccede58e879,4632bcf8817b06a716c25d0f756c44a2
736ed1d27b4370c904ff53d64121374f,46389289a90fbd1810a690c825a7c5b5
0aa9ae59099d90ee5e8501c235f2a600,47970421b4272484743be2ba0e9a5ec5
98f5aba7ca3aae8eb3cc95c92cb9e6ef,47fbe275dfc9325128a5e08937c9787c
df21f7b28ea4a35a725c6bc5894ab4b3,483c5a8a466a80f84f814096f6916abb
0399f28a219c88fd9669786f651f9cac,484e1aa8c1f26e523a4bd4e0ff538f60
7919c33e9dc0b6b98535619579abd5f8,48a5607230a21ea0bcfaa0ba7291ea26
936a4db637310d198b1c1cb72feb4919,48bb7f8239cb9bbbf6728fab7b48fb1c
9c2ec9515c31bafb5e774791178e469c,4998e263bce4dc8a089bf91825eb9301
70b2ccc970b42856fae3e56249fd100a,49d004fe19dc623acf9e41a134151192
09a7d5b485e31592cd7f18aa80e542d7,4a20048160961b35f25120e87c49f3c9
037222ee7dd9e811fd1c8c7116ae8a33,4a4c38f2d4aa99b672fb477378bddb25
40340a4ee9506ecce33c80dac4e03f63,4a4c38f2d4aa99b672fb477378bddb25
1afc33dea0c94bc0de3f2cc2960bf4f7,4a8ddff62e918cb42e73694c9e07ec0b
e76c1bec0e2b5608cc8004adb9a69203,4a8ddff62e918cb42e73694c9e07ec0b
8cb3a611166fc704c67b9c7aac8aae0c,4ad50c82cfc6783f433d7b52171cd32b
45d5fb7a09a2193bbc3b5e26fb6b9708,4b139ada81c77f4bdbf4eaf0cef4b90b
d61eeb3cca488431678d61cdd34988fa,4b5c4ef031f6902feef33cba4bee50ba
1f7066efc9bfc0460081823289a6537d,4c9fd849f778f911124917eeb9e665ce
0f5b4bf3053901d83062352ef135a563,4c9fd849f778f911124917eeb9e665ce
4579639b0972166ae40d2067782855c6,4cbedbbc91f6d3840a93c06f6ebeefdd
e58af4cc1072cefc2a2bc5ad48c6bfa7,4d0c20ef1796c47bb9fccd3354f0dbb9
c07b7c9d6f0f5563dd11a10c67b2959c,4d12cc2a6b16ec57977fdb50be2b0258
f4f269ec97e8286fa65ec9a4ff19185e,4d613c0c71c4ebd4c3a0e67879219aef
ddd9d583a4d51bd367556c6096db6db9,4d613c0c71c4ebd4c3a0e67879219aef
18488b42bb26eb86bba2d162d8896211,4e044af67612506e64da8b5f15781536
648c72e69fae7a1c8bc46d1caa0ffac7,4ebb22ac334d7bc4af5fff81a0d0b632
5a2352a136f93a0b69b21c36f5233e1a,4f03fd756a8e4955fc4d85903f65a31f
f2b43f25134db2e0db28e390a56fd5b0,4f1071cb9569db0929b571e49c869e7e
b4e03c5d83e52d935283531a39d55d51,4f473beb3cb524cf8af2ec6ce65fb4c8
fb231545468fad27cd519ad13eeea91e,4f520406f2e0eccd9ab87ca5ab18cc25
a9937a2f7abe138dd03fb12df09ef2fe,4f76f688d76acce170a8a231432fc352
b133b7cf49c0d4880a0a786cb66ea365,4fd87c43197f9765a786b8157b4c53bc
60eb09bd1b949bfd9c94a40c30a12077,5027d33e86ee5d6847c1ab51426d21b9
47948ee294bea9c66156f96b48ded04b,5031cb7bca037a07dfd093726871121a
710d83c49f47d0367911d6c726424b5d,50523bf563665b9d5b656f2e81b876e8
60cca011ee5110ac55837cefc9ac4f40,5145ba479c78375bd5b23b119f547e9c
1e7e0b2e031b6f40ec85edf337b54811,516265f75e58e766d74cd3710fdef6c4
accd2e807e2a775d26245bd2d75da744,51af30650cdd37c3db710566c75c158a
335d17d470d57db38e98161f63922fa7,51af30650cdd37c3db710566c75c158a
cc03cb05f7470f4abf4127542a1f21a5,51af30650cdd37c3db710566c75c158a
78e988e4a74fa42fcd5c85228a9bdc75,5288c4ea9046d1c8255c2d3368e57d56
928ae540fc7c005ff5ba46738351b752,54785ab74fdafaafd85d5db8fc1bc228
6c951f958db89f8bd205932e2270dd6a,547f3e756084c02989f812e28effef9e
99148208ebffefca6fb2f718af559a56,547f3e756084c02989f812e28effef9e
4b52252a301eee4debcfc2e5cb488f30,54d98463ba8178149edb89e3fc0bb15e
4ec9766c330586a34200bdd7e8317c06,54f009f2fa6858913a893f65024d1d86
b2a0e81bbb9bbfaf1750a41c90b49ef3,5580c73cdb054bd2ff967ff4b8593b22
d149ca841cfcafaa3c78166a8a60b9de,5586b7198d1da0d780c3793e9785962e
b188a353da42af13c1bfa5d7f15af165,55a947b1b7c251255ad4c609dc2201e6
e80612d0e36baeea83778648ace7814e,5610393f7e2ae6f5124e9fd312ffcd99
073ee0c5fe0d17c926998618b3cea501,56dc045a1dac7ecdc41788b52fdaa574
484110b9e2e503a2a11f2ba23f607abf,56eccca9713b52db30641182d6098c4e
b183eca4968363be066041a6423b8a37,56f5a921516b8e9b2852ade2f1b3ae46
f42794695f83b46bb09366fdde21dfc4,57d24c9ec9bb1cba7a580cfbcaf57a3e
be55888aa92cfe08789c339652bc304f,586c958a80e3c3b2af1ebfdd8978d233
3d91854e3e0a5726dfba379b93d5bd3b,586c958a80e3c3b2af1ebfdd8978d233
9b252df287527885c3654c8a2b3c66a9,58e8d62d9f83778cab42f8e8267b33ed
82c0bad19b103c18a903d532057ca7c9,591909b76e01120f588396a3da60b463
5b58f11f35175281bb761853d1e129a5,59d86fe82d935f559ea3a88e2069659c
2864d68e1b6bb500f7662ab7eaf18b03,59fbdb63c920f8cbbd4f05846b3f8f74
2352ec5f733cff32ec9e8a5ea9dbe501,5abcebf38b2cefded2680bf32ac68448
368b089377bd9975d78ee0bb9120e171,5b1a865339e534e2c8184bfbbe109cae
c931f76ad8a5a8f38f8308dec00a95ef,5b2282d93c1b768ba838cc60f359f451
ef10ce2636c4761795883c47836e1495,5b67cde960a2ebd239ef5bb56a67ce2e
0acbd237cdfdb54a2307a4b01a33c519,5b99b15ad379d87361566662995f7077
7686d79bfdc012aa59ab1d2614272eb5,5bd3cde8cde52142f93a2ff1f258561e
b37efc51cb5cf42c28b9fdb3bfad8455,5cd8ffd4a18385fc5da320495ffa41c4
454de4dc95e585911b044537d029d45b,5d8e585450d81c3d8057a37e008749fd
91fe0a9c2cc23fc534002e5f8c1439c1,5dad92cea38f5783b7ae5ad12e8dffe2
a1e8476ee76d071bad599798b18d7e7e,5db48a1eff2fff1fe6e5ada479b0f3d7
c7f89feddcb4acd91def967afc7c7605,5decd93f5489bbce489eb6e7f8f4bad1
6bb2c2052a1d3d51c9f3abbd63548ab9,5e095729baecab62118c9bcd2a753f9e
df1a3784434e9c6119916b0f24d84ad0,5e0b033eab68c6cd1131f11b29055359
92a193eaab80ba3d3f22699363188970,5e386aa3f79858e23b8aa59692276c9b
1383a459744bcc0bfe161a7427cf1f7b,5f52aec1364dc45d857c1f44606342dd
32004a58881e930e6ecc13549a20350e,5f81e2c8cb700f65f10dd1dde10bbd4a
11bbaab687fe192fbeee58303059ea47,5f8a36e7cc250e372062e9a2a6cee352
37ab4f86148d2f9b61b3b8451cfeef71,5ff9eee78f803f97b6faed95d994c2f9
4eb48d0393b1fe57df8aa72af15696f5,605db1ca5e95af171c0674d3b3af9955
f4703142ba7fd3d3f8d9034a54b1d8e6,60a335ed5695c609a13925be7540b19e
5f9914ea1aeb768180f601288294c6a1,60a39c617e08d8db33599bc3a29d8572
a198ec4de3fe2ed1489cfa6ba64d2530,60c571256806a385949ddd74a5eadd8b
7068160f584dc30925365b3a73ef6923,60f1ee228963e8aac28104cb2cbc6fcc
11ff080f2cbf2907b2ac5dafbd501fff,614f6832802b335e6c0658016ae4e70e
1cabb7a5027dbdf4b392bb96229bfce8,6199c2b6d8cf3e2143fdb29c9d07232b
b4925824f8ac25a70a6344fb7e5095b6,621d6037ebb142359c4a36f1645f7941
446470ee1247bd3443aed4f11d3f7bd4,621eaa7e6cc6748de73ff3a1998852cc
3459798b9630d4f37b4e4a4bbac96929,6254994052845bdb058f564612674155
2bb088b8ec247576ef82f5a850c8b529,62697d908a709d85dcfe1bea598c7059
2cfb461d859aa16c9f3a3bd3c35b93e5,62fc71a6fa533864c388a38f664861f7
4315c097b145bf98d75a4ef5c6f99da2,62fc71a6fa533864c388a38f664861f7
65f8ba50b7935cef9bf9f8a3480609e4,63494b303c4c1191529c4e4c30dff8a0
010ece732778d5dea5076bda6939a89b,63f0d30c0609e7470f7f453e487377c0
629fff84b076e6489cf88a44d14cf7d8,64646ac4b943da302c40ec3cad888294
535515197576574a1273e0953f8f4b89,647148784b586e4c7af71622c4ea463e
9116fabaf65f03e9ea9a10077dc4bed4,64cc9ef45226b5eee28fdec744458012
04a48b9e3a5a7df5d59a5aba1196edfd,64cc9ef45226b5eee28fdec744458012
a16f22480e38149c5b5cf0f8c720df88,6541ef2876e4a08a404188c0e6e3d1b1
87d47a40b2e242dd7f9ecc03d3cd4949,6541ef2876e4a08a404188c0e6e3d1b1
bf0c63e9732ab828f1448bb45d2caccb,659cac0d3bf71c700e2d57352f42c5fb
89fe33bc5799c1079a46c6d0aa5de3bc,65b37685e95b3df280d36b4b239c0b82
30caca3347a05bddcf8855403295011a,66198512d0c10bdc3053d2674791a0c5
3bdf3bac5e11e4c31daad9644fb03bd3,669560ecccbd99debff21ef36c8a8493
eeea37c34f78fb3ac62f1dec48d20bb8,66b55f082f72ee0cd916da98aadcad4e
93eecc722a78d9587a7342d7de27a058,6727aa5a824dbe976b128f94304b44fa
0ea611a2760039d6c05e19431185ec79,6727aa5a824dbe976b128f94304b44fa
74cd04e3f92997a610348d76c9676398,679c9e40c407f8856d9456fed6118573
66c9dfd8cceb857e37a006a05dc449e2,6806c2b8ca5a20cb6240f9b43e0aa9da
0932c4dc72724d3739c6cd90484226f9,68163ba500e00692d86784f90619e6ea
21d3dcdd0c145d646c26020ff0b94e2f,68163ba500e00692d86784f90619e6ea
ab157fd3610620cb344fe6b4e60f623a,686579e1b9fbe0f7612627b246a6ea24
206bfdfd477866e3a5f509165f303375,686579e1b9fbe0f7612627b246a6ea24
91aa99289370ec322d2bcead17e27b4a,692b5bea33e060a7554537d05b77d2ea
e285d0af1d28c172facb56c6623aa1af,695cc41060e6116d7a733df6c9350525
4ffa149a5adc3639b91d30b4367df43b,6a1e66ad99573fc7963a6ee379517332
f331ea8f1fe2ca32cb1fded408522157,6a33ca84cd546b050b58c3e95549b6d2
dd2cb358ecddf6597469e717d8dd8405,6afce1834d8c7ec3e0032d74bb4edd45
dafbec859056d23bed272f8e52b83c2f,6b181cd3d3ed203e53e4effcb0a117c2
e566e32db827ec435f63a423e2dd4b39,6b2ce9b219b02fc41221cac39b840dcd
cbb33a99079e988e8fc2457833cef4e0,6b2ce9b219b02fc41221cac39b840dcd
c3e6dac929311097161a8921f0e245b7,6b2ce9b219b02fc41221cac39b840dcd
27ecc431e4c4934972ec6b3eb9544b08,6b9b844cde683f2e8b5cbf6f4361c901
25348f3a6ed3f528d58e814e6996488a,6bd3fddafbcf056e8cdf883714296482
0c278595351b2efe304e84bf80a7ba31,6bd3fddafbcf056e8cdf883714296482
ac822988ec62b274ecba93ea22b82511,6bfe68fe53bb680a8c1e19372087b78d
0adeaa827c88b4a9de57bbe7ddc756d9,6bfe68fe53bb680a8c1e19372087b78d
c5f6ab5aacf1798bff16f1626a3155ce,6bfe68fe53bb680a8c1e19372087b78d
78de16358a5ef332b956bff1927d4207,6c0668fdc8115ec415ce85ee22ff0dcd
01a22f5fce44b0bbe0799f90398ac340,6c0ddbecc4472c2c017e5c7b66968b95
cd6a9e5b215bff3b3dbac83e316998ad,6c366b0f6581b6e10737e4deac99200e
75c211d010a23eb1f80633cf8377e9b4,6c551c66ceb9078ad1e1358fb59253bb
5146defa33cf12a250c9211026c7e38e,6c6a07dc34af869e35446d213ebaf5b7
c6dc2ec4e149adba6e986ae195757383,6caaf4ba57ca67635fef9d215db2a4a4
db7c7aebc0b013a484eb972c138065f0,6cd8f185228154cfeb5b619dbc9016ff
7b7d4654ac37ae59dedba9f9d88b8bc8,6cedb3ce0650afb499cb07404dd5063c
c0b429d81419089d8bad97118525628c,6cf7451a2b0aa5ff8ae5d7e852112c26
a3b1cc21819448b20c5e842aee842fd8,6d26a1143abd6130fb9f0039a9f0732d
ef22900482ed00b999996db6cca11e65,6d26ab5447209ede01f02b02cd16fea3
a5117691251193300f53868b543cd5e6,6dc6d857c7a812c837e14baf44274077
bada31020ac866d0f642ec1697d47ba9,6e34ce9f17aafe19f342d24af9a67abf
05c009a24be2c8dca988c3935a97701f,6e5be038ddd84d4f07e67fca02c44fb5
a076e9351e795e5024f2bcc5b302ba26,6ea3c6c7156fc9deea28d39302719d45
26410a3c41e40195436bc913a6fe0275,6ea3c6c7156fc9deea28d39302719d45
d0fa97b1000779913018dc53abee7869,6eb669388117c5f4277634b53f508be1
858de4a0e133544b6b9e8bf87a193a75,6eb8941e176626aeec7c7606091d3e4f
404cee6c21843e8d958e66edb84d647b,6f576182eaeceb98dc83356e88a78399
9cd0cb6c30f4dd681c9a4ab5dace15f5,6fe6c3cbacebca8627333f5718b70900
4ea378fb4ce00828799d988b8992aaee,7024c94b37a1a3ac4b642e2440b849c7
96172017b3e63dc730a6dadabb8bcd0a,707464766226cd6390106248eb59ed89
e32efc8023b97e0ebb6a97891b8ef96f,712c770f9159fc74c211d0ed8ac9f91f
83093a23747e6a36888c642df731977a,712c770f9159fc74c211d0ed8ac9f91f
2e46c7e3652ddb6c0ff8cab12aa3245c,712c770f9159fc74c211d0ed8ac9f91f
fc66959bb0997161d892d70427c89e9c,7142d3f91baaaef998b583a4b1a0ef14
00540e7e9caf2ce6a36a0b4c3610554d,720c6f136c5d8fd328b271968697d5b6
d57d8d055715bc84cc0a3d4929f7b929,7265a9d6843bb7e437e20731955e6922
032e8524da909e46665c0ab7facea6a9,728ae83d93fa21ff99e223bed65b560d
f09fac65a660078080270081c331321b,728c5b2e6f2ef9291ad358ee9075821c
a0812463cd9a95a662d501f03c0bba75,7340b75465432ae353330bd6ab6f4cc9
bec63eb3ebeb414bee92addb1ec2e812,73b7819622da4e0db60a486909fbf8e0
924bf1540fbdbcbedcbe843e12b98fef,73b7819622da4e0db60a486909fbf8e0
e206e248dba8680cd7820496403c65f4,73e95cf1c9d376449644800924721bd0
eabbf0bd97ce9606909dadbbd3930e3d,748f9a71b90136fbf46e81c7ebf35dff
c2ba0f7f4b711fb1ae320e8dcf95ca4d,74afee5bb01b30043afba1ce1c305072
1a42c5f4f6077f956ad23dd83ce7a496,74afee5bb01b30043afba1ce1c305072
5b8ca937b1146e2daef7d69989b2ff2a,7665c354f0928e10cc69fe7d710619a0
0e1195125972425ba3c53a4583e3bdab,76e403764270d2884bce15aaea02531a
e43010ab582c853ad73fdeb405e165c6,76f3bd7fd750eb27b8ffa62ea7da0ace
602518fa0f062df402050e5eacd66df9,7739b61fcbe866c0ab510500cc32b381
77902ebcd63584efb0ea818642fb0b8e,774f4d1a01e0f8843bc29e030821a0bb
60fdfef8f08ff6fd581d581b128b87d2,7773f08a92d3851c42660985884fcd68
bae2b8d26bbd2a7f459c29e7a9febb09,779e948c030a7c269a9f930e0bff7cff
2b06019583b5f94160b9a0d90e32a123,77f8086c6e3403e680aff573b0ec2078
1fb7d1943d9005bb8601fd0de1920da3,780be53fb6a32cefc4dd8c353a3587ce
d94de71f0cdc4a9ea3076f6a24dc782a,78e0b95d26082c4d8dca1fce142cc758
3c95401cb86a87b80687f159990c185b,78e0b95d26082c4d8dca1fce142cc758
d0e722fa4b7bfb5854c242cd71a1df72,798ee235c8aaa8c5a0c5d64f6e6b80a1
0e39c38761a2979c16432914fd9f19f7,79b49252989fb208ba92879e37245c2b
3e4e5bfe99e4dc90b29b230687bca63a,79eea44a3042b95dd5decd667c144b6d
c15f624730f5b1246e56e399ae27ee12,7a30194945b7cbdbdd50b4acb686f6eb
79a657c98b5fe2931890780076c3bc98,7a363eff51d415dfdcf5955ab41cceb4
e5728523471a1772ef536d72950e2027,7a9899b2e6a6a9818084c935f7b0e52e
d48089c8b48979fa979475a6e41060d7,7ae57da0dc2fb370620d95bd1788ed21
bee199b2f29e57c0f9d05f20a3868f93,7b798f22ea261758363cf8326dbf6c89
1b10d8622a5f9512f13b5d81b50f68bb,7b798f22ea261758363cf8326dbf6c89
ae10386836a9f3e32477135ce39769bc,7b798f22ea261758363cf8326dbf6c89
a8502835afe908b0478bcc2bfb63762e,7b798f22ea261758363cf8326dbf6c89
68ab729dcf1d5ab7de80bbe02926cb44,7baa0473b818a307ff22ab4605d86e97
acd338e35fe651c1a11a400651399e25,7c5b579e0b6055334760ab6943405384
45758370ea633d44d8e01ed71a8e6b35,7cca3dfa52a5affb33e9d6c212160d1e
65f58eb550adf33579caffedbfd5e635,7cdca558f19fedfac98e7282302e52c0
3fe6c006ed7fbaa47d787b6eb3d80e50,7d0b93734aca8731bb75681252572eba
b723469f7faae0e88407b3eab9465d59,7d224d17ab42d52cd19adfe7c9142df4
75e142e2cde7778ccad9b53f4b866454,7d82759127c5113707898c4900827857
aa1f86873622ecffbf48eae3c0743ef1,7e3df80c7c2df4566b6c55d9fbcbc61c
59685b7dc4d13e2a5e19af7bee606df3,7e54913dbf241e5a45500297a9c460c6
a29b7725a392bee449da44d7ce09498b,7e69ad8c1b9fa3b81ee223015865762f
d48d969481a71b0be39f34b2c6f03ad7,7e69ad8c1b9fa3b81ee223015865762f
78766948ccbcd1115b34b709bcd71144,7eaf69b9242c30304a3b411c1a417523
f889e033c7a2bd24611aa71b571293b2,7ee14c1f91b1a28c751e3a51419d585f
8440b46d9bd9f5bccb3971733ec28bea,7f227bc60e0abb021a2a127429149837
958411c119be612d47473ca70b7b727d,7f9d8de0a95c7c44797f31ea8f6f804f
046798d63db3b0f939759329d5ea8536,8035240e99a0d96519ef143742f77047
988b69907f809e8a5de2603611f7a476,8035240e99a0d96519ef143742f77047
6f7bbb04285e02485d5de87debca11a0,80b84bcf70a74bcbfbaf781e52ecdece
e6661d2a0b6004830184f82a9368ed8d,80f958c5869420f72e2660ad2f93fe7d
c5c281bb36454f5dcdc993ce3194a06c,80f958c5869420f72e2660ad2f93fe7d
ca99b343e612a0292fcf7cbbafcc416e,814b889d6aeb89ca5b55c0caef42fba3
75a6dfe41630c43884254516aea0c295,818f7884f9940e057584289c722897e3
ef5131090602788b761b99a54fc0a2ff,81b942a2a3d9f13a431d271ee3075944
66d3cde67d31b02e2c96d515fc1a1513,82127b45e00828401547d9810070fb6b
4592852f616e40b226c351cf02fb2d4c,82127b45e00828401547d9810070fb6b
1134087df06906d3f2b646327d1a696e,8232be10d1c5388f4089cc200c1be9ee
dff1a751e816295c8ecee14b5dfb6231,82e5fd732da4e84cc616317bca934245
69842973093ba673322fecaba4f9c0ce,839392850d6669fa66dd2c86e77dfc6c
fab9e9e428ac7689649d6efb55e0e8ac,83f946482f6797fb640f4c5e94690def
457a53a99a147c8cc05d7525bd643001,83f946482f6797fb640f4c5e94690def
013ce60f306a390682871a9c56cdb5c2,840262e6f3c8f381d0d0d3d9e34faa5b
e171a44335486bbe770b3438526b65be,84197d1a890214e7bf31d40d3361381d
393b85bc691b8459894c93cb003e6668,84f36a7850e3e826987ae58fe8538dcc
f3eaa6adfb97bbbb133759e446b32920,8513091fce5c772e3947a333b1a33dd5
0970ed41c0b41764f5e54f1820d0a692,851438bce13c54ba276e826e008bcfaa
a7014ad546878c0dc6212dba0d0c34d4,85643d161a73f37b84c34b3087024b28
4f6b5df5c1894db4392bd27af4135c55,857fcf496ef26b1bc79b72c63726a0b5
c0ec4bb07c0de2607199c45abd792969,857fcf496ef26b1bc79b72c63726a0b5
5227b8006fdf7d953718adec5d4d6db2,8590d3f54e1f12f2b7145e921e5aab8d
10f8d96ea677f1be95bdbc72c349b53d,860c91dfbae7da9706a1cc3d172e0b86
1fecfc2d81cb3bb7018a4be9a6559a81,860ed58ca297a535df64cbc3f3677531
8e73f1cff7f0a91aefd24a0e81ee9e81,864f7ff0c25cbb70fc31ef5a282c784c
b35314879dc6a49d650ae73abfbb84de,8667fb82228efa84c9fcaaa75d0b717a
dd9f58ceb3a2be0f5b5b17afca563944,8667fb82228efa84c9fcaaa75d0b717a
91bf58a0924f607a81ca38b31ae1a6e5,869f1528d2d374dce80603edfde413c0
6959b74fc2489438c469acea51cb2da7,8793343d55cda45bf598b5ea10c0926e
a1c250dee4802af259d23742fdc5be5a,879369b30edfa5b78b5cb29c4f0e69c9
692c57ecdfdcdac655ceb6712d0eb8d8,8881c889147b5a593fc670ea23f3ee73
8e998871e01a324c1d18040dda85e88e,8881c889147b5a593fc670ea23f3ee73
c3c53766d07241e56b551c2b6e48e426,88ce7168b75d440a9f4fa3f6bbd91cda
508ccf60b8de1c83a98f575a5ac0d3fc,8a3a398f5dbc281f010447517ec571d4
6ed114c4ef1f13c1597cb2b11475cd3f,8a5319c4f0199a117b08dda352d877d9
3c0d037acb07b51a9e9033735c9ef54f,8a5319c4f0199a117b08dda352d877d9
3c9247d37e86fcbaea39bdc397bc1a43,8a62670a07af2840f2602ea2f1ecccab
1f8de1233cfee7cff5f1f105c44ec810,8a8f34f76692b6cc688839afeec56fed
229eea2e42330dff6054fbcb790d4fdd,8a8f34f76692b6cc688839afeec56fed
0f329f91abe15e9433a63d46ddebb21f,8b068ab8742a050525aa404c0d9e97cd
7442508742ff43c4eb1eecd135c4ab67,8b3adad4c1cad14b627d6f910d50dd0b
f3429244636d17a3b47da623b10edd42,8b78e92c8843792bd0efd45cb538a935
4c76702f5df6db85ad3dcb59ca51cd3c,8bc7614d06ba116e37dec198b6da7f83
aa7f9f2d01a9ba905891a1216ab52e7d,8be7be3a52538b1728397c5b0bd1ce23
1dace945031591fd6c805463a73743cb,8be7be3a52538b1728397c5b0bd1ce23
81833facaa0e9b9cdc998aa69d1f378c,8be7be3a52538b1728397c5b0bd1ce23
518f563a0376a7815506570bc39d3833,8c4ccd4ff09ac013769d880f3a45c375
68585b7710500725bb0c40eeb4516c20,8c55f9a4459539e51ca019089787fb34
ef393b77aba64b0f5ab3fbd415a47871,8c57ca71439d823a33fba88cdd71f67b
b4ad45ae8b76d435e8a774153fc3512b,8c57ca71439d823a33fba88cdd71f67b
ebe7cdb3ae47c3a9fa9d55a51cbcf40a,8c7fc5255c0c1d4232ddf46db3028a96
43092a27409b2d5d73b781690ad621d5,8cb36041e8e763329c10b9f596f45b18
eee69dac4443d9bf8a31112cae1995d0,8cd1e441a8cc16f228947d93635cc439
bc1b0d26991ab2ad4b118b6b2be046f0,8cd1e441a8cc16f228947d93635cc439
47790544f37590ff0aa3e0bf438e9368,8d5950eeee5c841d194d26379db84d45
4f9f191c8205a59a5c78d5c3ad353d54,8d5950eeee5c841d194d26379db84d45
0871c4818194764bfa888d50eca5eedd,8d95b729cbf2446df3324db5c5cb0e4a
68ee73df57458157dd6e81ed55ba8902,8e74def617f7d86d4d9e11f90aba0d49
f82bb5aa936410924de11b9ecb8c6c2a,8e74def617f7d86d4d9e11f90aba0d49
d0ee7e22ab85fa377fd7f9e4b0676fd1,8eec093a91e3877770fcb04f7a81a155
55949a81d99d7aece5b419a1ebd86c8d,8fbd12c0599b9e38909797b728763d90
be0719d180ccc17cc61fe13ab534bc40,8fdfa80e31b06668c5348f9a8b9432f3
d21fbb86d16289da03b5ac0ca2ea5ee9,900aff43b65d6197aaef7a1da014b4b4
ed5b3fa4267d776e80de469cf1f69448,9025db3412a8e4f75e93b3891dc8cc1c
2fda991871b31659befb956cba19fd37,90bcbb57bc53d3e854b497b3a117cb38
39b555ba9cfcbc637d8b84da125b8979,9114a6a286a7548a1b5260e78e4d0ac8
9837f2f6afca623461851e053aac472e,91227581d09c031e05e54335e0a33edf
479f4282c91587850e0208c4081de60b,91264e9dd2a465c383c5b506a8226b45
9276d24e1977cc2c4eb9f04c5d5594ee,91264e9dd2a465c383c5b506a8226b45
27ed629009729744c734b42663b7c18d,92172433395181678a14d3bbbebf644d
d227125e7649cdbb95a6fcb1e86575e1,92559d717742c8033659dca354763f21
8692bd1e076eb9b9b6560fff5b3585fa,925eccf356776b1f65b4764a4074c616
72cb0b56ce4e708eb1cff490d813e199,92ebbb0b6b6c6e27776f4f2032438958
f5a3aaeebe7b7f134fa25005528b1647,9300e744c9240499e3590a18b214bb82
3f8a8cfe74f2c6e9e2afc7a7a2f8ca56,94129203114ffe26220106566140a2db
699fd61137f8fdb3be7199daa00b7bf2,94129203114ffe26220106566140a2db
65c2878a8cbb4fbc24398bc1b9fdfb04,942356719d327c4ecef8f7bdb9c77b25
66bd82cdfc976c2888de0a387fb2570a,945007344f48ab0175d6a02152acc28d
b61ec835b1301b5fdaa17fbd918a6ffc,946c1122af3f815d481fe594f2fbe8ac
759ab15f7e014574a9810b10c9c8ce3d,9510db56b493a27040de50f61c1765dc
0cdec39b12c4103004a759ff2823a305,954bf0ee86973c860bf4eb39c545df9f
2b485e60e6e53652212830af620eb4d1,95ac1397df1be4fa12279d6b26d76008
b1a2f25fe0a064b8bd53a0fd2d34c3dd,95dfc9ee5b28c0de2fe8ebc66d22eaed
e874f7c297769ca6a81fdd3c5bd89d1c,95dfc9ee5b28c0de2fe8ebc66d22eaed
83e915cd6f0266a356eff0da49874fa0,961757962f1d9042f754537a7a9f360a
12f3486d8de8a7a40be8063cade9e52c,96918025b4e6d804dd9cc49ec6db9643
a54ce673682068bf3351a22cd6777697,9714b4060b95622e2ddbd7b11b2aeb2e
01592970387e4c966e03815c5cc6c707,9783d4e511761d945f90f290f90f0331
06c22edcb055c4935345e5d208202afc,9797a9138a021124dd579e705fee34f0
06cfb97086be6dbb86b3b8f3e1154393,97bfa8ed9531bde342b2efc8e90bdbca
80446c774ef1c5df0e0c315c7d892f25,97e1de5d92dadaabf15402ffaf3a340b
0b0c0691805655778ce8ed424c7ede77,982b75ee67bc6f70300b9c4e3dc28eb3
b940bef5c4bcd9573b7a1b1a4b5a938c,9867cb05a959979d17a6f69df6b1a490
7d2c48c106a7f88fed8af06ae931c34c,98bac5a1a263881882ea2bee0edf7c52
92c11d4a072744c1ab6c59f1d3a19eb6,98dec181e3816aae8ea5505855229ca9
0298b42d7e7ddc036903fa422df4f35d,98dec181e3816aae8ea5505855229ca9
7da980327f8b123ae7170cee56283e05,99047bac79de454693214ae9197e780f
b06c216a3d55f2e98de6258ab3cf7e31,9ad81344580fb8c758d9416a90898bac
bc01c23b40744fb229a332946658d4e3,9c2891653dd16f9e48334b68f9959362
46d1830a2438731642f0137f7b414918,9cbbc38be172f4b46f559ef2ebc0a47d
87c1cc39ee4bf340f6df68e731bc0717,9cbbc38be172f4b46f559ef2ebc0a47d
87e6fe3299401c1a463d469f4f27b150,9d8954834c47512a3bffe6d238eb900c
e4ba9ad192fcd382e41b3de513811d6f,9d8ae42bff9abd5474d57a450ad9f987
b93a095f9fb77cf88401e70c3af4cf9b,9d9054e704ab5766f7c529bb4380554b
61f6f17b7b8444ef7aa5fbdda01d84a8,9db9d41241a86ee4cb10e8f6420c8c90
d2182d43c186064296d82653b22f2a72,9dee6cfad7b2e9c2c8a09aac549a58f7
710a1261814b7c322f5bd9896ec3629d,9df467b5a4dcd70b9314762523e78888
66f9727da3c33dc4ab0b746cd084bbec,9e8ff08769ebc1ab8edafaf99530714a
4ab9f942fcf25502d1b1a75f31a7ce7f,9e9d2500760211ca7bfc49835598da4f
e52e112b90ccd6dec3ce43ca3e1cb58d,9f49bdf59430ad7387d3eff3566f4844
b8a7cfc438677d5a2daf4008291e1f04,9f785af89786985c5c555a668bcfbb4f
50db59dc332ba2328643e5bfdea18461,9f785af89786985c5c555a668bcfbb4f
1786162f9ef58155bdb4f4efa1e6a431,9f7a530f80c0ad2e8c853ee7d5c94164
e28ece9fac0028b6bf24f26ff5f94df2,9fd9f4d9542fc22de279bde3a2e04b2c
6ed274c6a3007ab80788aa00c1016cf6,9fd9f4d9542fc22de279bde3a2e04b2c
3dc6312e30553a9b3ee26b5034ea19d2,a041801e3f915c6fd487da7bda2f6d59
64294a4a1df5e626809976bcae75906b,a0579a4e08382a6659ee3204677a124d
5b3305b0ef23aef85fd26fbada0f4ef4,a10671e2aae566a6d6b87e3866d27650
2804d87e67017fc4e40c18d9d493d2d8,a10671e2aae566a6d6b87e3866d27650
06cbbae29934d4c4634ce0506aa830a9,a10671e2aae566a6d6b87e3866d27650
e527c9ef8e310dab09cd1097a28d8ead,a2514c3b1b40aaaa3213618cb47e3cc1
3a53541594c1ba0af317d72b65180686,a27f89abff2379f74739a6aa5b06baf8
b3824e3e5cdb8d29b0376824c9fb385c,a27f89abff2379f74739a6aa5b06baf8
51723be1932226f83751bd9a733d2d75,a2ab2e1049506ef8394ffb694b4d4bef
9ada1e20aaf877196658f9a6b050c46d,a3c282a4a1467403a2c02cc74a067416
a5225adb9756035046a91f82b4d52890,a3cb9f498567996690842d1782d10092
3ca0382e423ebc10e90dbe7090d2a306,a49c87dac78aa2637014c1cd5ecc1572
9b749dae1ff1351e0bb9a73efde06c82,a5128df143de447318a38ea33939c29e
4c8e6c3401b674f664274765e0484e0b,a5128df143de447318a38ea33939c29e
2e2f6535c0979b9f3f09b2f549637857,a533208445f422014317e4e6ed2078fb
0153da4a412cc5ea6072d64422edf235,a533208445f422014317e4e6ed2078fb
bf7a089130fe97a5397e53b31958fea1,a592497431598ba992982385b0fe635d
daa802595c637e7275ff663864b49f10,a5d91a1a769833ffda5c1184f060f246
19e73c2774b251024cdb266a66b1ba40,a67697464cda725008475558371217a1
0a3ad52b708b1d67782066e05ce2d261,a69e3c02d529c14dd47cfeb9fa73efd8
30633674c641e773fedc4d4277dd051b,a69e3c02d529c14dd47cfeb9fa73efd8
400268277527af51b1d82c5400b88a77,a69e3c02d529c14dd47cfeb9fa73efd8
2db2a23cabeb230b86d4144443051f04,a69e3c02d529c14dd47cfeb9fa73efd8
992f97708518d1c742e7778f00feda7a,a69e3c02d529c14dd47cfeb9fa73efd8
c278742ab2487eebcd0e2c21dcfacec2,a6a235f0c751304f47ccb6a042196449
44eeb2b476bda0cf7546becfda5fea84,a75811d58b09c3762f7b3b2100cc0d37
d68c96fa2eb6dc6b6801cdbcf738cbd6,a75c64709a531e6da4043335b0a1a97d
137925d1a651f019d7b7ce4104c2f347,a7c21bcc8dfac37ba01de191df400ecd
497dfd23c0bb2d4b778a543b1dbc8537,a975558ead16e5c7f36e01d9997d1c1d
02eb271674cd79b782f95b8f2f932478,a975558ead16e5c7f36e01d9997d1c1d
818205328cf4ddaae109da27113d22b0,a9d15ee67be2df0a7f2521803ba32cbd
d36a9685cae4c7a472581fd6d45b98c2,a9dc88def4dcf8fc0afcd117f51fb2fe
68f2939f9515fc2517193f91da234c3c,aa95d33200c82dffa0a0ca1263dd8a02
5c9e964755623389c4fa268fd54597c3,ab129476f5a6a4b4aa873f6b0232d13b
9935927ab58f11e3625488b8eb570dc9,ab29f87af4859e838f23b70243b71c6a
8e678984d33d333d8530f4536d08537c,ab31ab2660856ae051c9a5f8ae305279
9da61d6c8cdd9faa829208d8895c0f20,ab31ab2660856ae051c9a5f8ae305279
7a89c2a5a446cab355204d727a02ab33,ab31ab2660856ae051c9a5f8ae305279
9337bcd7b88cad63575c3a6a3d02505f,ac1c5d78da01441e889ddf0dcb42c231
a6efd5574b8cd4564b03040a305a8407,acbf26f1dc59ec6c7db7202656d20ef5
71caf892af1e8c33bdccad4065b32171,ad29224cd1cda5440e991521a7d33c40
a057aba1d674502d58ea3eaaa102e2f5,adbd56d47dcca1163a1e9da1aeab96c8
1c7dbfb3c9d016a81efe3157ad29386f,ae1cbc1370b48a4b85c132893094e054
c8ab04140ff85188a681a97a06f85966,ae793df451e579ed97b0fcba86250dec
66eaef390417c801b7a194a824a0e317,ae793df451e579ed97b0fcba86250dec
9847159a237a70f3acb720bd2566c949,af20485fa80e803fb6ae6d78126ad5df
c8263e118bdd771c01842f53dc81ca7c,af20485fa80e803fb6ae6d78126ad5df
4eadb60c58c4a5e2bd113d8d65cf567a,aff291de3bea58fc2d61eac7baffa336
aa9d4a04cf40a2f203ee4ec538264083,b0181ed342c3e5d542f6fb5229d52166
4e4f679302770dcc39607e6701dfe07e,b090eb0cf8b122e0096827e05723df57
6fbae15a23982d8c24b78aa4776e2861,b0a24945b17406e031a21271142527b7
47325dac67ea8c075048ddbfe75f5da8,b0a24945b17406e031a21271142527b7
4449cd3827e1588a188f41198b2dfcfa,b0a24945b17406e031a21271142527b7
7fc80e279cf93fcb8eea724402f19fb1,b0c53110635c5c0251151b5bc8dce746
dcc7c51b4b47e3db8d293d8ff1c2c710,b138ca38abdec2b58411448f25cac057
0dcb7cf90b14645c5d4717c198594c85,b20b72111e3c76c7334a1908fbaa34a0
639d717099ca14c9688b6933507ee83c,b20b72111e3c76c7334a1908fbaa34a0
709dc5f3d08bd364fe0d6dfac125c489,b22ea91234988d5c1c495f49bb27aa5e
b9fa64e76ce5d688039c7f729ad9c952,b22ffe54f46679d6e97cdb94f374d015
42390d0fa96f1a31039b2bd1101cb256,b231b0f96ccfc22a579da304e15c1cf3
f664847146868a3f4398e35e0e5c69e7,b30c210d382673605f578bde5616530d
8602ce268cbf451abede837696d078da,b31e3c005f97d0b375e83931849b34d7
e73adb507a21f27b84c7349bb9110427,b31e3c005f97d0b375e83931849b34d7
3b8399160b1f4fe57f039b14ea879291,b3260278b680012a066dbaad70f163ce
038a890961047da9765bd3580d0a7438,b3260278b680012a066dbaad70f163ce
9f397da7112c878fc09ff5db7c251481,b33c1e4e8c6285ced6523280b38e07d9
353e9371de07108d25ac270b715d73c4,b444e1c0a9f15d87c14f1b9eb1efa35d
37f326ceb7072e07b28cca1ea29d3105,b4bfc800dc8eaee9c82245bd4e78512c
84dc3813d20ac76dc6ea52fa41e25677,b4f1091c34f295d2a3f26eb0251fa79b
2ee5ff993a8ddb2c000cd934220dab1d,b4f1091c34f295d2a3f26eb0251fa79b
77c9cb0899592d391da7e5b97cd3af79,b5170ecd1632ea3cd65acf922df38be6
2e41a54f0c42ea7dc7757d83c6401bd1,b5170ecd1632ea3cd65acf922df38be6
2eea969fd277177e2af8c71b7cd1a13b,b5170ecd1632ea3cd65acf922df38be6
9600247982264cfac3e141bdee1647d4,b655823f79f3873059673147f751f5d2
ec377c378c2663fb0a85951dc1ce4a5c,b728cd0f66c51d37d758f902d972df11
02cd978c2fedd0153f3ac631af2173de,b7713cdcc82638fa2f9b338b4adaa501
ebec03eee32d33067e2bb411ae463b1f,b77c3be231b4c80cd82cdbc942dff6b7
21473b13b1ada8c572d4b139c865aa6e,b8a976c2dacf66a16ec52be2ad4ec6f3
eb2e842e1da0590c847d7478a8b1a6e6,b8bb21a354667733c9ec06c98ee6727b
fd69a94a953628c2e8c83029c4b8635c,b8be06ab8454434393eaab4c857ae85d
97734059f6592a3ba80cb9a30880039f,ba1d24a33ef89e389a649058598c476f
cb7c8b4872d0a9bd30a62496429eb5cd,ba252993c6572d6a8462c9c293d5de40
7681146885c0b06ab14f244aa18b8ea4,bacc2211805d4c7effc7b00df9cc5b26
fbe1ccc8ae5033a52d9532a382833256,bc76a08e3b2ea17490bd042edd99b339
a930fe1be39024342cc4fdf6f8a32b69,bca2f0dff85e53741c5a68a793ee05e5
146ec4c05381b361e407db6bd2895ebc,bd1265185948fa9994224e1a27d1007a
5358a79d4e649047a390fe075557a681,bd15062e8c3792b110eb01e6ca0191bd
3514d7c8df9d2fe72ab2d613072985e6,bdb4fa5d43e7973ef2aa9a71c4e25bd2
b58ab5655df5a46e279469d9c0163e13,bdd9a6a7b33b1e1c0870ad6515e5a773
694ff407f5469490e402efcac45510ed,be49ecb15bdb9c6e263a5af7e010849a
6b11d62f76e80b88d0c9cc4310e8afa9,be84a848627a3f7a41914ee70594a4a2
33107179ad6f119f9010212163f9fb6e,beec26f4b9cb72bd2feb7a7223a504dc
d4c89795e9d550411c91daa06bcab061,bf6e4da33bacd52b4e43be4390c95cfe
9ce66365384170bcaf52951bfdaea34e,bf92696fd23fb09c6b285098904b9f91
2c91dda29da00bd5e1c0ff8465abfe87,bfc421beccd0b2e2bd6d66491b9c5fe0
e09cbae8d322b5c21d7e8e841b0f91c4,c0539d74257ab452d829f14ad3211cb6
2669830d58b096330dc55ffaa684a697,c0539d74257ab452d829f14ad3211cb6
c33cab462ebd6812b6641addb63a3a9f,c0f4f03d91332aab3e86eb59449e73a3
73e5ee89269b7c28749cad3acf93cad4,c161887ba3192a76eca37c29d1531d72
152ef1262eba561cfbcdc0b6f35ea373,c161887ba3192a76eca37c29d1531d72
7264e5f774071575e0c0c1e46aef5f8c,c22f264ec07f212f893bd635e21593bb
173a95fbd7d363d251bb8b2b6d5cfacd,c2519a1a1121f0e9a7f14402ae18e6ef
6077f6cc8d167b7f82d6351151409767,c38d5bafc76c8826058c10b1d86d8ae8
f5e66c268b06e88ad516e5532a91aa47,c38d5bafc76c8826058c10b1d86d8ae8
0a309630502d33bb9c802fd7497ca0ac,c3aacc1a42e070ac5205236fe1266963
028f0261bca4cf7bd634ee7f708fea10,c3fc2fb27b51e7f3d94c380cde39416c
0e3ce87966f6b23766ea5aed25daf6d5,c3fc2fb27b51e7f3d94c380cde39416c
51fd430c239098df90277e558b60c5bc,c4347b976967ea9021dc2837a9f410b4
276e6b1c6e0c7882a8e925b45bdb862d,c43aa93f96af83c16d3a78a5fc27add8
56d45fc0a750a9fbdfdcad9c51bbdfd9,c44111b405d885669dd20edcfb409eeb
d102734846c233f067d29bb495b5a1d6,c44111b405d885669dd20edcfb409eeb
f0953c0441466a9e37a13f350eaeceef,c499fd07261469ef530ef92957cd8f5e
a02258539bd7cb740188bd6b15cc4fe6,c521ca50796f08e993079fb14a73239d
493ac261b395c41da4fe2d4809be85e2,c54035d6feb4bcb680661ea18f5c657b
43ca59cc2d03d3215015c293abc272cb,c5766f9015624ae3209e80da14bd7adb
4c23f0c66df09dce1732e9e89907f654,c5d48ec4f1ce8887bccaa3eeeb9f1d1e
9649cdf1f5fc12886de0bc80a98b0262,c60ebd95d0501f4d3ea442d46741fb01
c06ad46f21f98f7827735eecdd478ebe,c68f30310412dc057f082d8e72c23f5c
facaab296260a4e25a1c9d6bdf82289d,c6bc175a7c5f0df17d7465bb203f0ef2
55c7d1467bd0b17b92b5c13b394dbeb2,c6bd9cf9cf06295f2b95a5de2d611460
d39c4f2953315f04e0fe061494bfca3c,c78101811f4c4c0f55cb19d131ca4922
09682505af6ec893da870c52d90cb33b,c7873600b1049e1f3b4485f21c77540a
96768ea97e2199c73dcfda56ea9f1e25,c7873600b1049e1f3b4485f21c77540a
2d48d6feeabd3f3a8c093589f008bbdf,c79cb6f41f5aeab102be788752162cc2
cd9f7a55d4459ac4509792e6700c9588,c7ae4d600739277ce57293cfc8972a81
d6f887f8fdf1acb6c621364885ec34c1,c7b437cd5152d143f389fa2937dc6c0a
1c446b03412ff07d036facf3f132770a,c9628449bdceb538d1de21d3b26d40c4
47bb97764a63e4d6b720e42145a86336,c972d03440aff5b5e8d660e0f0cbff9a
f1b514ebb7a02978392f6e949a057c1a,c9a357f8f975947b0595bc6fd5cb4f3c
eb030cdca5917a32d805fdfe2faef0d9,ca0d4c29d5f85aa769044163c71a56f2
4c1184b45fecf51931e2a23b17918b4f,ca243ff6acbf68ce43541cc9dafc816c
a784a554df0d15962c693b93e4bfcea2,ca67a295e5550ff4702003e566e8f210
ce615bdf0bf37b04c7fa3acc3b5b78a8,cb4ca8b0b0a45aacb5a84057423c3086
41dd04d9ce886f107c41e6dd9776bdab,cbadfff45d63f3ca5c551da3d4dfb15b
6465e80f5638bb4eefdd1a48038999c1,cbafca5a1a1ce33d7b132c4e7970b110
08e0db80630a4d0f231d6643b78edf70,ccc00e838ec2936be8b327526db5af28
7ae0c325ae020a70f6c08085e4807757,cce38755bd1e3e0b389193ad037720b4
5e297d05afeb585bd54435373d992a8c,cce38755bd1e3e0b389193ad037720b4
49c8796813d6a5f9bdb56e2a512eadfc,ccffcfe24cbc3b9c933c113591ac79af
c4049b6a53af72d62c9bd58a441ca5f9,cd3e7a29a062911ab31a74e85bffbcb9
ade785cc26a8143aad8ef7922e5bc76b,cd3e7a29a062911ab31a74e85bffbcb9
576dd6861a7c14c26d3d1a2c3eb849a6,cdad9304b0d59f2e15d73f2d15417936
39e4862019ebcae7324404a74760ab6e,cdc0dab6fb259dc5189ce3410a55b40c
4dd8686b8521a0556b60b9f905f83b78,ce31a8f10edf9c39d82e0e5b18d7c0b7
2275f3f277c1094c5257216064e3ed11,ce7b17f6af9510a9fba15d3731cd9b89
05eff80ffb099775bd42aa775526f7e7,ce949ef378045ded8d8ba786696b80c8
95a06b502a846e56c89d0ca4954aeafe,cea196d4deaf52631234b87e8e555e90
c3d3cdd40aa470374fe521f2968843d5,cf69855dfa0a84cb31f0b93378917b93
667ba9461f998b3088b427ffe2a0e960,cfbe6832452ec2b2a641d019f5d89ad6
6a091e6f89ecd91f8e62781747c84095,d02b399f833d0b859b44d2b52a3f3422
115fd0a71c8fcf7a8d3d0a682e4f91f4,d07068a8d534e9e4627837bd8dbff773
a0aa53bb9135441f43bec8151d01e3b9,d0b78ffc0e66df4c7a34db8c88488f81
d0a33f2cbd08cc29aa298933908a3bba,d1129d0a9ee15bf39d37495ac9bc489f
03a6fd1efacdb1a2f1eb42dca75e7597,d1129d0a9ee15bf39d37495ac9bc489f
100733e7e328d700e518086e2c490c8b,d11abd33edd81cf436181d02f4715b54
b554cb075605ab1c478014bde4de692e,d11efcd220a9fb8ce6383b9c9d36860a
37f206fc7d7c9b4d438832d89cfe25c0,d17253de1bec907430e8dbe62d3d70d2
2386088d1d2fdd9236b59554f04c23de,d17253de1bec907430e8dbe62d3d70d2
e51d7a5dbdd3c332004eebd29633686f,d1e55c064499749c76271eeeda76b80b
18e1ab480ddbdae93811de4e96a43d3b,d21c1bf3924b2f12ff929b1423e04aa9
aa8a30694029403e7dd0750c673c582e,d2d6ec2b2cc9300d685c3b932c46d845
764859799fd4b6c67778da2770e2f3f9,d2ef798ff7931846c4f0bdc91d9a6845
2714dbd863282b1674df520c0861e186,d2f23ef8384804e7f5044edbd25536e0
990e7fb6cc4d11fd4d30145b7bc102ae,d2f23ef8384804e7f5044edbd25536e0
5042023a027566d9f03a36f880898c63,d320f131f5ee45b17cdec8f9b8ae7c29
9a505328006fb26242b0a9c0ea803157,d3304fb280fe59d903c042cc43b0bc49
02e9fc490faf52eb7948b5b07d9369f8,d42ab5308865f9c482f77c5f5fd6d660
26380533abf71809d72c8e1681b41195,d4560acd06ce0aa60ee0782422e7df28
01c286a7a7bf636bd667141ef639ddfc,d4e49a6f9cef4dc66fb3d7a6179937d7
1ec268e4db653cd9ee9ad9f25467fe53,d5731dc6fa32ed1332ff11a85827da49
8c88ba3901c92c39fe90788dbcc7fb99,d59fc7990eea4914199f3e5b81367fb9
37d3e37958db76e433ac935e2872b4b6,d601c465116437bb31cfa606e303ce40
9c41687694d09440614c299233a39718,d61342e70d7d0b467fba422387acb565
d6db5fa997aff0df0abcf601783421c9,d6301abed67e69967976c0e7ab42bf45
d797b439054d077665ded3c1ca1eff2b,d676adb03b8a4899213b918619651d08
3dc41558331a542316277a915d6e910f,d773943232035d24700d1a4208e80b26
8a581525a1744b906daa03c50a71dbd2,d773943232035d24700d1a4208e80b26
3e6959a4db14aaf11d8c5ad526572b1a,d83db88aef521a84068402b6552d6c8f
24c3f0a850001569ddaccb1482a56c2e,d95061aec55ba603a58f5ada748a51d2
d82ed6cace84897fc9a210c95c60c8d4,d9a6e7af836e67d39ca8140a8f689a4b
7898ca5742c30407c2cbc56f11ea9725,d9a76182d3751ced22684a38abf9b245
867de5dd452677ac1ad381e20cf8c7af,d9be2689855c4104e4267794d84179e1
a5ad5d7ad41d80a480fe5ba783284dc0,da88349e7232f8c22b9e6aeac36ed6b2
74e63b7ea889c61e53e86e35d15f20c2,da8c57d5330523d3afb969a076fb96f6
7d908a7f4cd29a4e3752a58e51ee2462,db0dd86ceab2a8dc628c19b559d979e0
90d7363040f4ddb646d3cf3ce0a8baa6,db5485b5d5fadc176ace4aee8f30a27c
5461abb606e8685382be4c9f65d86578,dbd3d01f6baf9294da98b1b8a2cc2a06
d117f65e16a1d72001fad6f9aec6f217,dbd3d01f6baf9294da98b1b8a2cc2a06
ed91a94bfb5bc6370b2c69aaa980dee9,dcb8c6cc6bf1abac1c7000c20ce56f03
56c713572d3468f3c727b170a54a0d0c,dcba0cf0d3122d8bd9f8808064217f90
6609bedc5b522d37bbdb543141f20408,dcf6dc2755472e45f692d1ee13b0f883
1ef2cc853abbb8a5425202dd464ead9d,ddcd372b555933045ce23fc5ef3e7569
23613f987066ea4f456b35c4089fb4e2,de4fcb5ee9872bc3f7e483fac202d451
f199cec32389fb83436ac720e4211b2c,de6cfb304a89c7fc3d7df10301ff549e
3142b04e84cd9d256954fa1c565949de,df2945d6761d475a748b80de36d7fcfc
45965b527cd6bc10bc070855e82ff4b5,df2945d6761d475a748b80de36d7fcfc
d715ee8701e234dd1aabc77cd9eb10e3,dfa722392ed554493b0818664877460c
ecc77af427427bb30c12a9a9954a1351,dfe3ed2d9155d303b218819597f5a0e4
f0000b54ce66824462c8832b4c5854db,e02ab174a29266ae7ff2b65c6d4b6250
75540297c246b401f95b33015aedaba6,e02d1782a5cf6b5463870a4440666c14
01dc1da6699ceb9631099d3b47c7cc02,e038f11ef0dae263edf3b487b0691959
572fbe7d662cd075e565d554df5eefff,e038f11ef0dae263edf3b487b0691959
21b522915e5f65e0fca785b59b19f74f,e038f11ef0dae263edf3b487b0691959
111f57b1711a3d8ed7e8ef47272245a7,e038f11ef0dae263edf3b487b0691959
93fc0ed638868eab47e411375c724264,e038f11ef0dae263edf3b487b0691959
2b3772932d821429f4cc25ecd079a841,e038f11ef0dae263edf3b487b0691959
04e83986e3614756d5a89c9f438c85e4,e038f11ef0dae263edf3b487b0691959
0394564937bc75a13a15d99c5d1bed86,e0393ed4dc15e0aa6e4b3066a4297716
7345cb37ba8ed9e5d6f6a2f66c746b33,e0393ed4dc15e0aa6e4b3066a4297716
6c39ee29451860a3ed51af06edb08b45,e0393ed4dc15e0aa6e4b3066a4297716
31d762a0f16545a604c96fe327d3b963,e05a2a5e47660389767ce3e7d2d42bdc
680b21cb950ad87ee33fdb5167de8b6d,e05a2a5e47660389767ce3e7d2d42bdc
065dd844087d2f3d9c7412ed71f534b6,e05a2a5e47660389767ce3e7d2d42bdc
d57331bf48700cf21fb5b79d86c5f4c3,e05d9e0c2bbf3f702a28b14a3f998e3a
a08a192467b171d883e1c6ff1cc736e6,e1a6684e1cd49b6db32ccd6f9e657ae7
72745ba3161813937a2506582f5a0311,e1d536b872a6228df5a3e7464f5b95fd
a9b2fe814464bb5c6325b119b3189d21,e1d536b872a6228df5a3e7464f5b95fd
efcb966cb316d155dfe516a3a3d6a586,e213f8d874e50c617d453de02d9e0be8
693723941e2776dd81b7a4bb323c85ae,e22ee7bea27c1033696370686f71eb94
963fe2c53856b8653c853b85f76f20f4,e24cc10ce97102d3ab21b029be37ce04
aac3b152e50a8597ec6fe57cacb5b1b4,e24cc10ce97102d3ab21b029be37ce04
cc3ad85cecf650d5a67f8324d6f4f881,e295697b54c89ea646bb6640c2461400
df87a533042e55bc3a2091eab0ee1e8b,e2ee88aa5a07f6b1418fa1b2d9d11b08
3266efff02fdf108794d15d849b6f78a,e345502b5063b4cb9dd7100d635cf388
c2d9059b09d9fa56247444ae19de1e93,e345502b5063b4cb9dd7100d635cf388
677b3b27340ec4a31e5f6ca8f21b9c77,e38df6c024f4f5c3b51fd1eb6fe169f7
a813684ff85d8b1832559d78b47f84dd,e3a1e52de435f58d6e795f66f4b9a424
2e866470b4a43600f7858e46544f7e60,e3a1e52de435f58d6e795f66f4b9a424
c77e6520d96e0653ad387c0f7b5027dd,e3fbcced63451f8127825ad11d2c73ce
2f2c38366a2dbb138f25e55f6f0e61a9,e4cb40e585307c580c55fce26aae4779
cef6464d031a1825893bc1cebda62dd9,e5340f7c8e3723bd57b684aebbc782a0
fa278d4fc891ebc6b65d320b54d1e590,e53b8bc69ddef97429309be54de79466
f0f6d0df26446824caaede711cac8b08,e5d7ab8b85ddc7510e2bc0fd15391c7b
cfde5788e90e6fab43440eb0faca30f9,e65d301a9c3e97ecc9aa7a349f75fca1
29158766e887e781647803c0ef1ab0cd,e686eecd3dbc0824dd8823f0b3228115
7bba948aa22e49c39184fc4a9161d88c,e69b1c07d2b9aa21dbd8f5afeeb2fe0f
250a961e4ea89d847789b2d613e3e08a,e6c893a5d3173c826a28d3960e160713
4bc04f42129a0b6e5b38c137c210cfd6,e6c893a5d3173c826a28d3960e160713
5e817411440a8939ddef0ac550d70a63,e7275821c4c31cf40d03907e5ff24ef5
276375feba9334b6e80b87de2196e415,e7303475ba1c37f575a11893de71ee7e
3416dd5f096df83b62582f6f7f90f009,e769a20ca04b8e9cd7e059df71cc3c2d
f4a044b090eaf45ae2f47722398a7760,e79f521af55e5b5c815479bda93c5070
c3e19c99529cc796f2d07bc182e42109,e7abc774a3058e3ad55f8139e5d16045
1a61fc01ed4e4f229a37cca06e7855d2,e7abc774a3058e3ad55f8139e5d16045
57e519a42e463fdb5cf52d64a9b4b3ec,e7abc774a3058e3ad55f8139e5d16045
dd20d3b9a2faa94090fbe1d058d8574d,e7fb147df051430d9d2c1904df440928
8259e03fee3e3478a58c8de1673601d2,e8780cbe83109305dcf8ba4218c0ef6f
971326bdd1bcc02c2ecf93de248306f7,e8780cbe83109305dcf8ba4218c0ef6f
0b144d9d351982d465719abe392815d2,e899c355ddfbc1f4abd444514dfe64ad
5a0d52dae27baff81cb32b93a906c93a,e8b268352f62663cfb71154934bb8426
7182418785b21bc56926972511f8ef79,e8b4357986256b5f2bcfaf65a6ede597
16498707c75f7bf496ef75ec42c1b25b,e926609a83ca0deccd5df8a2d9b578dc
844049f2c4cd594b0cc96e9d97e4e63f,e93bfe5a7411320c5c4995dff2c2db34
4a3ed7f6048c8e7c5f72f80c8c905fac,e98a24e0463c55f0b16be04ef9ed7503
cb63d02b45cee0348de1b488b09c4eec,e9c6f3ca4a71d11833d8232a6a3fc5f8
ed6b59a9f9bb0cadf2a4427077957d16,e9df5feb2c47645e552f6c20ec91689d
912eef9133725fa2bef628adaa00ad9a,ea1c5688a9936a5cae6bbcf9381e5222
390a1468679a334aa128c1f647e8f9f1,ea62aabb509e18ea11a2f13b6a36aa08
481d61bc5f9be1f1edf497133e7be93f,eac931e4000c5764fc125903999c6205
0811fda32e0f42a6f24f198115f1cfc7,eafed96d4517e17d366d774f930c0119
b9656b37cbd03b515073d51da1250ade,eb16a2e24df88461debc35934c8b3cd2
c3fb1e40911c1389563133ac336633d4,eb17dc4f9decb70e7a5959ad9ea4dc3e
64b572e5dbeb0c0a03e886ae7e1c233d,eb17dc4f9decb70e7a5959ad9ea4dc3e
92aa2454d4991ae86aa1f1793611219c,eb85ce1096209f28e6dcd9ca348c5720
97d77bb271b6faf404c08f2b31754bde,ebb756a2bd823376f68030b16a1925e3
f53f7fdd1dc6dd63efbe63e04f294d4b,ebf639f2680d395a520994e08c2ab57c
e1aa3104ea7878f17e762c1060836d87,ebfede3995d319105cc91f7964c4b4c5
7cc38c7841a8b5748c1ec3974a9d1e22,ebfede3995d319105cc91f7964c4b4c5
e3ca8ced615502a2bf7001b71eeea0ba,ec56591919409daf7c7fa960e80e51e6
a0dcdccf4ce5fb57333f25e369b26cf3,ed47395c704f9d18e9bb2beac7cb12c2
13cf875abad80d83143834aec79ce586,ee1d46c40acd91190839ae8522bfb455
caee90eee15fdd1c92f8b1d608da8c3b,ee8ef0e2d13b0222d69a955510b030f9
2dfb4c9af7a90fba4a2ad35cf3eaf89e,eedfb77b0159fe6e08f06f42bbb19eb4
2dbab5c34adc30ea426c7c874b13068b,eef6c445bb0f44ffb3f190b56e522f1b
ea62cc9f5d64c126ece23ff46a20c85a,ef135fb0c21586e4b652fb7abf52daab
dd2cac06ff3dd325085e4f5066c820d4,ef3c614c4cb3f0919f8d0fd90d4e0f2a
de696588889cc29b8835349c36fc2a4a,efa7d6cc636623398ca101c7c797f720
d37a98eb7aedbee329d65f1a45e78310,efdaeb238d3f9b7b4f7d50e0f5808888
50cd93bb9c57eea83d90216987620ed4,f00ca2c5795d2b84d045edfef4d89fb5
7c7923ec29d7dfccd0727679b72df6ae,f0916d9523a50ccbc2e6c56dfe14f0ab
1adda1fa3236fae9e683b872a8fce27c,f0b5cc58d858b0e7a253294d8f97e09e
2b064d0d1bb1113ff38046e960de0daf,f11cb4bd7e51d1f438fd5f8ed4758f60
fa809d7be26529bdab30bd2090784ff7,f11cb4bd7e51d1f438fd5f8ed4758f60
8cd6c886fa13851d614cd7a1ae3fff9a,f11cb4bd7e51d1f438fd5f8ed4758f60
25cd2067592d7a609edb14d127170257,f11cb4bd7e51d1f438fd5f8ed4758f60
f9cdd51064c5d7ac6de524d2742e6028,f13e49802f855f9e8566be4d8949daac
63e70fb2ea19741fe699a0f1deb023d8,f13e49802f855f9e8566be4d8949daac
92e20eab54bd82827ce734642848b05e,f14241f90cbaecdab5b044f5ae84f4aa
938df4ec7362c38a44e36cdef2c2face,f14241f90cbaecdab5b044f5ae84f4aa
9620a1996b5901dbe06684d995c689b2,f14b96d0c4fe480c993945a6e4460f55
bd3047c90f47474248b535eed6707d3e,f14b96d0c4fe480c993945a6e4460f55
6cc0f1d77eb8aa56898513f0043b5cf9,f162b868db462cfd8ca893b49ad4d0de
7756383664e6a16e8744e6e0a135f2b3,f18b7e4e3cec3cc6ffe2850551bd9e63
7aaeea2857f6a23f97b6b09db1488c39,f1e42495bf4f802b3f4fb4dde558f738
3d50104ac292404915bc80816059b167,f285ffe3def3284eaedc5f44510e2f3d
53313928aadb49960e99cbfc4c4d0e01,f2cd2938be33b6f1f5b9b94226e4a6a0
7d3d3a53dc01400f13f8e1a0f18b042a,f304ae19b8aa3b47c1694b689986c056
36b842915a4af9d93f25342f34eeca91,f339d1994a4f8cb4c57ced3020290555
f7f3c54edacda47d7d6c2cbf5b431d40,f339d1994a4f8cb4c57ced3020290555
debb29405914329ff36f963d2f1b8b6a,f39cc2478229e81f829a77942ec40a04
d897af0acbc652d8fcc54e52a2298f64,f3b31ecbaecb58a1c0585339ff4d557e
23ed1493af5379d1ce9638bf7b2511c9,f4169c213d90290d4a92678fa0a243e5
d4236ffe9570f59a92762528a1f7c6a0,f476fad25a2865448afce6405da1f77b
632ed46299b53b039f3a7ea0e48327fe,f491c4ca35fbb27fb4e9825db516bda5
6ac0ebf128ec9359ea36b32887aa4bdc,f495d36f871a997d91dd3e5c72ac6ead
c3d45288e09bcde03308a1860122b78d,f59764f4c01741b934ade4e3c8c9962d
7b38dcdd20ede0b1284d08adda939170,f59aed7bb7170fa25804085033b8288c
f6a610d2889fcfe87913babdd606d9ae,f5f4dc92f28521101dc1326bfd11940b
cc7371c3216b7bd4086ed6d097a7f835,f6c6f57bb125c02e9c362d54255fedc2
8c5b54faf7f21604b244eed20876a367,f6fe9c1f15e1d69275f8ee0a73b50403
32232f34c62a76088435f773dc7434e9,f6fe9c1f15e1d69275f8ee0a73b50403
35115d8dbf26b5af8ac4f9a994c47cbb,f73177730bc57d6fb260ada941fd4ae3
0584629dcca0aa9fbc4250b83252d403,f79e7fb87014b61ee74ae746fe1078d3
573ff81785c6981468d4157cd19d8852,f8551859fe9a34bac790e0cb84e61462
2daee6f019abd6447b07c2ede8ad4c08,f8551859fe9a34bac790e0cb84e61462
b1312c24fbc41cf823e82790d064b886,f8fc7dea7b8c508be95004910f6ee59b
75ed2971e0917d9f6e88436c47f31382,f8fc7dea7b8c508be95004910f6ee59b
1c4bd8e7f02d035ffbc2c6fc7fad58f2,f97343906f47dc7698c104acc9b4f7dc
105ff366955c0af2183077c32c879c07,fa26f0598008ad571f3976d6e144d60b
8f705ec5c6d5c78c64667c7f9c2f2303,fa4ea5751dddc58f8c3f8e04a77a702c
7341d2f51b332b9629a78691f5d7569b,fab0c2a6db66c122653165b93ae159bc
b59bef8c8d191753ab9fdb763abfffcd,fb595e52db8e0fa1fb97f7786fa155b5
ae1cf3c7f5ef1b53ad4dadbdd94784fb,fbc8a19b73abae322fc3fbcb82ba789c
71abb2a0186660ccbad40e77f860dc92,fbc8a19b73abae322fc3fbcb82ba789c
cd0582ff9e54cefa9c1f874c77747a26,fc89122ecc670aadc9b093b275ee235d
fc1bccbb90b721032fbe055529072ce7,fd0561f851a22b437a9a376846fbfed0
ba23b5851ab72f9ce7c3ecafe8bade33,fd3c9759b4ffd42fe88b1d191bae8866
51bce36b80abef0d4e5b1c41d2e257bf,fd3c9759b4ffd42fe88b1d191bae8866
568207bf79e92eabe7c5cc5284c14921,fd8213bf26e778e8ee5d13dbbe6ce609
9e2079e05839e7fb07aa779a92580292,fdb8df024d22d7f3c7151ab46934adb8
6adea757b175007bdf32078223bdc805,fe8f0a4a10145359b3ebcaff5b4ebe37
040976671f36ad59c11cbd008f775f7e,fe8f0a4a10145359b3ebcaff5b4ebe37
4fd5d99cd81ca53ca259648d6d64ec5f,ffaee69cf29b2103d890a2fb45858491
