SEC_NUMBER,PROPERTY_STATE,PROPERTY_TYPE,VALUATION_DATE,SECURITY_VALUE,CONTRACT_OF_SALE_DATE,SEC_TYPE,STATUS,PROPERTY_POST_CODE
3459798b9630d4f37b4e4a4bbac96929,Ohio,Flat,2015-08-29,223903,2015-09-14,Mortgage,Valid,47647
26410a3c41e40195436bc913a6fe0275,Ohio,Flat,2011-11-16,222909,2011-10-23,Mortgage,Valid,26743
01a22f5fce44b0bbe0799f90398ac340,Ohio,Flat,2005-04-18,221815,2005-05-04,Mortgage,Valid,87257
41dd04d9ce886f107c41e6dd9776bdab,Ohio,Flat,2013-09-08,224680,2001-06-26,Mortgage,Valid,77150
c3e6dac929311097161a8921f0e245b7,Ohio,Flat,2016-08-22,122574,2016-10-12,Mortgage,Valid,30301
01592970387e4c966e03815c5cc6c707,Ohio,Flat,2001-08-05,563957,2001-12-03,Mortgage,Valid,92668
eb030cdca5917a32d805fdfe2faef0d9,Ohio,Flat,2018-04-02,124347,2017-09-13,Mortgage,Valid,58502
59685b7dc4d13e2a5e19af7bee606df3,Ohio,Flat,2007-07-14,560568,2007-09-10,Mortgage,Valid,83298
66d3cde67d31b02e2c96d515fc1a1513,Ohio,Flat,2020-09-10,225698,2020-02-14,Mortgage,Valid,68679
654f685bed3c0e8323a58835e96f46ce,Ohio,Flat,2019-11-24,221980,2020-07-05,Mortgage,Defaulted,83271
c06ad46f21f98f7827735eecdd478ebe,Ohio,Flat,2017-06-02,561735,2017-01-04,Mortgage,Valid,97875
51bce36b80abef0d4e5b1c41d2e257bf,Ohio,Flat,2016-03-21,125275,2016-02-24,Mortgage,Valid,25757
4d8b4360e95b7b79891f3347359434fc,Ohio,Flat,2019-10-03,980691,2015-04-11,Mortgage,Valid,89760
9ce66365384170bcaf52951bfdaea34e,Ohio,Flat,2016-06-21,980672,2015-04-07,Mortgage,Valid,19533
b4e03c5d83e52d935283531a39d55d51,Texas,Flat,2019-10-26,129239,2019-06-04,Mortgage,Valid,71938
ba9182ba3db4d7dcae2b7f010956c09b,Texas,Flat,2014-09-06,561967,2014-07-30,Mortgage,Valid,46337
66674d6425f75f454a1e69a4416fec62,Texas,Flat,2016-03-31,121877,2002-10-20,Mortgage,Valid,07141
c931f76ad8a5a8f38f8308dec00a95ef,Texas,Flat,2014-12-03,987347,2014-10-21,Mortgage,Valid,62092
cc7cc50282a9596e899f12ba80e6bfbc,Texas,Flat,2017-02-20,989936,2015-07-14,Mortgage,Valid,41912
fb231545468fad27cd519ad13eeea91e,Texas,Flat,2018-10-24,563395,2018-08-25,Mortgage,Valid,80605
4449cd3827e1588a188f41198b2dfcfa,Texas,Flat,2008-11-01,225741,2009-01-07,Mortgage,Valid,01459
02cd978c2fedd0153f3ac631af2173de,Texas,Flat,2016-01-25,561989,2016-07-02,Mortgage,Valid,42100
be55888aa92cfe08789c339652bc304f,Texas,Flat,2015-08-14,981036,2016-06-19,Mortgage,Valid,08272
3fe6c006ed7fbaa47d787b6eb3d80e50,Texas,Flat,2011-02-01,569047,2008-07-10,Mortgage,Valid,47741
d4236ffe9570f59a92762528a1f7c6a0,Texas,Flat,2019-03-03,223798,2018-09-09,Mortgage,Valid,31551
47325dac67ea8c075048ddbfe75f5da8,Texas,Flat,2007-09-22,988901,2007-05-16,Mortgage,Valid,26772
e6661d2a0b6004830184f82a9368ed8d,Texas,Flat,2015-12-03,988141,2015-08-02,Mortgage,Valid,77452
25caf8df71cde3025698dd2142ef9d82,Texas,Flat,2018-07-16,227966,2017-11-28,Mortgage,Valid,28600
ec377c378c2663fb0a85951dc1ce4a5c,Texas,Flat,2018-10-19,120054,2016-08-03,Mortgage,Valid,92398
0584629dcca0aa9fbc4250b83252d403,Texas,Flat,2007-01-30,560216,2005-12-06,Mortgage,Valid,65677
dd2cb358ecddf6597469e717d8dd8405,Texas,Flat,2018-09-06,227609,2017-12-30,Mortgage,Valid,00819
990e7fb6cc4d11fd4d30145b7bc102ae,Texas,Flat,2017-05-10,986342,2016-09-24,Mortgage,Valid,82391
ab157fd3610620cb344fe6b4e60f623a,Texas,Flat,2018-08-01,124434,2018-10-19,Mortgage,Valid,93808
4b52252a301eee4debcfc2e5cb488f30,Texas,Flat,2006-03-04,560543,2006-03-11,Mortgage,Valid,76088
518f563a0376a7815506570bc39d3833,Texas,Flat,2017-09-11,985167,2017-07-30,Mortgage,Valid,73013
2d48d6feeabd3f3a8c093589f008bbdf,Texas,Flat,2016-03-25,222629,2015-07-09,Mortgage,Valid,13939
c7934bb3330c3c3002906620ff22abdb,Texas,Flat,2018-10-19,226873,2018-07-02,Mortgage,Valid,82256
497dfd23c0bb2d4b778a543b1dbc8537,Texas,Flat,2019-03-01,123434,2016-08-10,Mortgage,Valid,03959
67f560aff9e82c05208b5859ceed5bf4,Texas,Flat,2018-03-03,566360,2017-08-08,Mortgage,Valid,15861
bf7507ded7dd5817cc1ae97af5cdb058,Texas,Flat,2016-06-15,226376,2008-09-07,Mortgage,Valid,85086
0acbd237cdfdb54a2307a4b01a33c519,Texas,Flat,2016-05-13,980560,2016-05-10,Mortgage,Valid,31854
1cabb7a5027dbdf4b392bb96229bfce8,Texas,Flat,2016-01-09,129813,2015-05-14,Mortgage,Valid,73824
4dd8686b8521a0556b60b9f905f83b78,Texas,Flat,2021-09-04,226502,2022-05-06,Mortgage,Valid,82603
13cf875abad80d83143834aec79ce586,Texas,Flat,2015-11-27,987410,2015-05-18,Mortgage,Valid,55711
3142b04e84cd9d256954fa1c565949de,Texas,Flat,2021-12-15,128793,2018-12-04,Mortgage,Valid,35205
575e82f8d9735ae096d36319ef4f9c08,Texas,Flat,2015-01-17,128520,2012-11-16,Mortgage,Valid,91565
16e218d9eb6a6ad48f3597e6595ebfbc,Texas,Flat,2017-04-26,989542,2017-01-07,Mortgage,Valid,71277
d21fbb86d16289da03b5ac0ca2ea5ee9,Texas,Flat,2015-01-21,569630,2015-07-03,Mortgage,Valid,42871
5ab6b7afa21e40aac0c6a5c75b2cc964,Texas,Flat,2016-01-14,128432,2015-06-30,Mortgage,Valid,31839
032e8524da909e46665c0ab7facea6a9,Texas,Flat,2014-12-19,981765,2015-10-02,Mortgage,Valid,31968
c3c53766d07241e56b551c2b6e48e426,Texas,Flat,2010-11-04,220738,2010-06-16,Mortgage,Valid,62940
8cffe73a1d5a888e060621f746edbb21,Texas,Flat,2009-06-13,126201,2009-05-28,Mortgage,Valid,77515
694ff407f5469490e402efcac45510ed,Florida,Flat,2012-10-22,980684,2010-12-11,Mortgage,Valid,49120
9c41687694d09440614c299233a39718,Florida,Flat,2017-07-17,986743,2015-04-24,Mortgage,Valid,98693
6077f6cc8d167b7f82d6351151409767,Florida,Flat,2017-06-04,561978,2002-09-06,Mortgage,Valid,76510
eabbf0bd97ce9606909dadbbd3930e3d,Florida,Flat,2017-09-23,567098,2015-12-12,Mortgage,Valid,99638
7b38dcdd20ede0b1284d08adda939170,Georgia,Flat,2009-09-01,227450,2002-11-27,Mortgage,Valid,95007
cb12c8332cc13d55c36ea3699f984301,Georgia,Flat,2007-06-02,226189,2003-09-27,Mortgage,Valid,40873
f7bf392fbcb994df29ccdb08e45f4bcb,Illinois,Flat,2015-10-14,567152,2009-02-16,Mortgage,Valid,71381
bb372eee663fb9b72f0aa86bb8189f3f,Illinois,Flat,2016-07-22,564398,2015-09-30,Mortgage,Valid,88040
91aa99289370ec322d2bcead17e27b4a,Illinois,Flat,2010-03-06,226680,2010-04-20,Mortgage,Valid,64088
70b2ccc970b42856fae3e56249fd100a,Illinois,Flat,2009-07-03,982919,2009-08-08,Mortgage,Valid,37233
56d45fc0a750a9fbdfdcad9c51bbdfd9,Illinois,Flat,2014-08-17,127664,2014-02-25,Mortgage,Defaulted,21344
dafbec859056d23bed272f8e52b83c2f,Illinois,Flat,2015-05-24,222504,2015-02-21,Mortgage,Valid,43176
692c57ecdfdcdac655ceb6712d0eb8d8,Illinois,Flat,2011-11-29,128344,2008-11-11,Mortgage,Valid,61206
1f7066efc9bfc0460081823289a6537d,Illinois,Flat,2010-06-26,983410,2010-06-21,Mortgage,Valid,61752
77c9cb0899592d391da7e5b97cd3af79,Illinois,Flat,2020-01-30,569837,2010-05-18,Mortgage,Valid,15561
b940bef5c4bcd9573b7a1b1a4b5a938c,Illinois,Flat,2013-10-18,988825,2014-02-18,Mortgage,Valid,58889
4fd5d99cd81ca53ca259648d6d64ec5f,Illinois,Flat,2016-04-30,227938,2014-10-07,Mortgage,Valid,75501
073ee0c5fe0d17c926998618b3cea501,Illinois,Flat,2013-07-04,120759,2009-11-22,Mortgage,Valid,29039
21473b13b1ada8c572d4b139c865aa6e,Illinois,Flat,2013-12-03,563886,2013-08-01,Mortgage,Valid,85260
81833facaa0e9b9cdc998aa69d1f378c,Illinois,Flat,2019-04-10,561060,2014-02-14,Mortgage,Valid,61472
2e2f6535c0979b9f3f09b2f549637857,Illinois,Flat,2014-07-02,981296,2014-12-06,Mortgage,Valid,30396
75a6dfe41630c43884254516aea0c295,Illinois,Flat,2014-10-17,220530,2013-05-05,Mortgage,Valid,05127
98f5aba7ca3aae8eb3cc95c92cb9e6ef,Illinois,Flat,2015-01-21,123857,2014-11-21,Mortgage,Valid,21274
1a61fc01ed4e4f229a37cca06e7855d2,Illinois,Flat,2017-07-26,122231,2007-07-30,Mortgage,Valid,01073
03a6fd1efacdb1a2f1eb42dca75e7597,Illinois,Flat,2014-03-25,560063,2013-09-13,Mortgage,Valid,38853
aff2e37eaca9addf05f2c34b780f3699,Illinois,Flat,2014-12-07,223076,2013-12-13,Mortgage,Valid,00946
52641d05dd93e83529838f78055c24ef,Illinois,Flat,2009-01-03,228318,2008-04-09,Mortgage,Valid,31130
95d0f4824306a132137f430da5c858f4,Illinois,Flat,2013-04-19,569431,2012-06-10,Mortgage,Valid,31594
4ffa149a5adc3639b91d30b4367df43b,Illinois,Flat,2014-05-12,562070,2014-06-14,Mortgage,Valid,33055
dd2cac06ff3dd325085e4f5066c820d4,Illinois,Flat,2012-06-04,986515,2012-11-23,Mortgage,Valid,55401
2bb088b8ec247576ef82f5a850c8b529,Illinois,Flat,2016-03-26,224882,2016-05-27,Mortgage,Valid,52140
a16f22480e38149c5b5cf0f8c720df88,Illinois,Flat,2015-12-29,986407,2008-05-21,Mortgage,Valid,23534
74e234cf47ce589b33477168e335bd75,Illinois,Flat,2013-09-18,120374,2013-07-28,Mortgage,Valid,66794
17c327b90521a2eff714cd1ecc642369,Illinois,Flat,2016-09-15,228474,2016-04-11,Mortgage,Valid,60032
50db59dc332ba2328643e5bfdea18461,Illinois,Flat,2016-02-27,129290,2015-09-08,Mortgage,Valid,62425
de696588889cc29b8835349c36fc2a4a,Illinois,Flat,2014-07-21,985574,2014-05-16,Mortgage,Valid,25219
13a6b8108c0f79180b277d1de81447f2,Illinois,Flat,2014-05-31,561328,2013-05-06,Mortgage,Valid,54117
6ac0ebf128ec9359ea36b32887aa4bdc,Illinois,Flat,2016-01-18,127214,2015-11-11,Mortgage,Valid,87486
56c713572d3468f3c727b170a54a0d0c,Illinois,Flat,2020-09-08,989878,2017-02-04,Mortgage,Valid,17540
78766948ccbcd1115b34b709bcd71144,Illinois,Flat,2016-02-08,228604,2015-06-21,Mortgage,Valid,00868
57e519a42e463fdb5cf52d64a9b4b3ec,Illinois,Flat,2007-12-13,228347,2007-08-05,Mortgage,Valid,97806
ad5cf6e76aa4e5281aea88391d095888,Illinois,Flat,2015-08-20,563788,2016-07-04,Mortgage,Valid,20392
cfde5788e90e6fab43440eb0faca30f9,Illinois,Flat,2016-10-26,985977,2016-07-08,Mortgage,Valid,60741
ef10ce2636c4761795883c47836e1495,New York,Flat,2014-08-21,126835,2013-12-31,Mortgage,Valid,45274
667ba9461f998b3088b427ffe2a0e960,New York,Flat,2015-10-21,981597,2015-11-14,Mortgage,Valid,14934
3e6959a4db14aaf11d8c5ad526572b1a,New York,Flat,2018-05-19,982280,2014-08-10,Mortgage,Valid,90331
24c3f0a850001569ddaccb1482a56c2e,New York,Flat,2016-06-08,569628,2015-08-14,Mortgage,Valid,74585
c33cab462ebd6812b6641addb63a3a9f,New York,Flat,2018-03-29,228229,2016-01-01,Mortgage,Valid,07281
dcc7c51b4b47e3db8d293d8ff1c2c710,New York,Flat,2016-07-01,981519,2014-01-13,Mortgage,Valid,21325
a7014ad546878c0dc6212dba0d0c34d4,New York,Flat,2017-09-29,982013,2018-05-09,Mortgage,Valid,79120
b0693d139857659b50236c9fc6b7e64d,New York,Flat,2015-03-31,986407,2014-12-06,Mortgage,Valid,76330
f0000b54ce66824462c8832b4c5854db,New York,Flat,2011-10-29,220991,2007-07-26,Mortgage,Valid,00269
cc03cb05f7470f4abf4127542a1f21a5,New York,Flat,2021-03-14,220334,2018-08-14,Mortgage,Valid,78403
d5429c1bff5d6027d53d866c3a93abab,New York,Flat,2015-12-19,222935,2015-09-05,Mortgage,Valid,44197
4c23f0c66df09dce1732e9e89907f654,New York,Flat,2013-02-02,121808,2012-09-27,Mortgage,Valid,72402
8b7991e9670278e2ee98b730524d5440,New York,Flat,2018-07-05,989304,2017-10-24,Mortgage,Valid,89599
6a091e6f89ecd91f8e62781747c84095,New York,Flat,2015-05-06,224890,2014-05-16,Mortgage,Valid,61996
37f326ceb7072e07b28cca1ea29d3105,New York,Flat,2015-12-24,561988,2015-04-22,Mortgage,Valid,46533
2dd543c03d2299a7226de58e131e50fb,New York,Flat,2020-05-01,986768,2019-12-23,Mortgage,Valid,80224
632ed46299b53b039f3a7ea0e48327fe,New York,Flat,2017-04-18,563164,2017-01-05,Mortgage,Valid,16655
3c95401cb86a87b80687f159990c185b,New York,Flat,2018-04-13,987403,2017-03-24,Mortgage,Valid,32952
9276d24e1977cc2c4eb9f04c5d5594ee,New York,Flat,2018-12-08,561460,2019-07-01,Mortgage,Valid,70665
8f705ec5c6d5c78c64667c7f9c2f2303,New York,Flat,2018-02-16,121205,2018-04-13,Mortgage,Valid,68195
25f9af6d544f169cc3e0eabbe354e229,New York,Flat,2015-06-27,983931,2015-05-07,Mortgage,Valid,39648
b58001588cdf9fdef53490f26bfc0340,New York,Flat,2016-04-01,122740,2015-02-21,Mortgage,Valid,01158
02e9fc490faf52eb7948b5b07d9369f8,New York,Flat,2017-04-01,985185,2017-02-18,Mortgage,Valid,38708
1c446b03412ff07d036facf3f132770a,New York,Flat,2013-07-03,228524,2012-07-05,Mortgage,Valid,72458
74e63b7ea889c61e53e86e35d15f20c2,New York,Flat,2017-02-22,561671,2017-11-13,Mortgage,Valid,00774
5c9e964755623389c4fa268fd54597c3,New York,Flat,2016-01-16,221621,2016-06-01,Mortgage,Valid,72802
accd2e807e2a775d26245bd2d75da744,New York,Flat,2021-06-20,121329,2019-08-31,Mortgage,Valid,75274
4579639b0972166ae40d2067782855c6,New York,Flat,2016-05-24,123915,2014-04-22,Mortgage,Valid,69109
2c061d651d6d7c8408a84715105c03b4,New York,Flat,2018-02-23,980380,2018-04-15,Mortgage,Valid,50731
1fecfc2d81cb3bb7018a4be9a6559a81,New York,Flat,2017-04-29,220786,2005-06-08,Mortgage,Valid,36775
1c4bd8e7f02d035ffbc2c6fc7fad58f2,New York,Flat,2012-06-17,564180,2012-07-03,Mortgage,Valid,71413
74870d30432bb2c353e8fc87c2e07435,New York,Flat,2015-12-30,987378,2014-09-28,Mortgage,Valid,94626
710a1261814b7c322f5bd9896ec3629d,New York,Flat,2019-05-23,127359,2018-07-01,Mortgage,Valid,49360
e206e248dba8680cd7820496403c65f4,New York,Flat,2016-05-12,122346,2016-06-14,Mortgage,Valid,44410
d227125e7649cdbb95a6fcb1e86575e1,New York,Flat,2015-09-05,566111,2012-07-11,Mortgage,Valid,43808
bd3047c90f47474248b535eed6707d3e,New York,Flat,2014-10-13,227538,2015-01-26,Mortgage,Valid,35521
a5d93c4980a71970378d5ec854e8ea46,New York,Flat,2017-11-20,127120,2018-05-24,Mortgage,Valid,20812
cef3ab1a4791820b2a73b552b1ef226e,New York,Flat,2018-09-01,121748,2016-12-06,Mortgage,Valid,57516
c888b34766c33082362e32e69a4f3200,New York,Flat,2015-06-14,225480,2014-10-22,Mortgage,Valid,55669
8277073181fa08b60502fc8705762ee8,New York,Flat,2016-08-22,127726,2016-02-23,Mortgage,Valid,04242
493ac261b395c41da4fe2d4809be85e2,New York,Flat,2013-02-03,560114,2013-02-18,Mortgage,Valid,80646
3dc41558331a542316277a915d6e910f,New York,Flat,2016-10-11,569024,2016-12-17,Mortgage,Valid,39370
1fb7d1943d9005bb8601fd0de1920da3,New York,Flat,2004-06-25,562865,2004-08-27,Mortgage,Valid,20276
45758370ea633d44d8e01ed71a8e6b35,New York,Flat,2017-07-04,224078,2016-10-06,Mortgage,Valid,79575
6609bedc5b522d37bbdb543141f20408,New York,Flat,2016-10-17,565474,2016-11-24,Mortgage,Valid,73801
89d383e47f01c4d5dad3f045f0c57e6f,California,Flat,2016-05-01,569153,2016-06-11,Mortgage,Valid,61435
b723469f7faae0e88407b3eab9465d59,California,Flat,2015-08-27,127884,2015-05-21,Mortgage,Valid,39045
d5414e1318500c446d2b97c33c8e5626,California,Flat,2014-07-30,129661,2010-04-07,Mortgage,Valid,99770
100733e7e328d700e518086e2c490c8b,Pennsylvania,Flat,2008-10-20,122445,2008-04-20,Mortgage,Valid,10014
fa930de8fb2beb90c42bda10439d542f,Pennsylvania,Flat,2014-07-07,123865,2014-07-19,Mortgage,Valid,23647
5146defa33cf12a250c9211026c7e38e,Pennsylvania,Flat,2018-02-21,220439,2017-05-03,Mortgage,Valid,07199
ce615bdf0bf37b04c7fa3acc3b5b78a8,Pennsylvania,Flat,2017-03-13,126657,2014-05-17,Mortgage,Valid,35669
5461abb606e8685382be4c9f65d86578,Pennsylvania,Flat,2018-04-01,224114,2017-09-30,Mortgage,Valid,03183
7b7d4654ac37ae59dedba9f9d88b8bc8,Pennsylvania,Flat,2018-04-19,564933,2018-03-12,Mortgage,Valid,89766
c07b7c9d6f0f5563dd11a10c67b2959c,Pennsylvania,Flat,2015-09-05,984468,2015-10-25,Mortgage,Valid,53294
a466e00eb3711d7029f931aa3ae765ea,Pennsylvania,Flat,2016-01-25,222550,2014-07-13,Mortgage,Valid,84051
d897af0acbc652d8fcc54e52a2298f64,Pennsylvania,Flat,2008-11-17,564902,2009-03-09,Mortgage,Valid,87214
5b8ca937b1146e2daef7d69989b2ff2a,Pennsylvania,Flat,2016-08-15,560997,2016-01-10,Mortgage,Valid,70888
11ff080f2cbf2907b2ac5dafbd501fff,Pennsylvania,Flat,2016-03-31,220473,2015-11-26,Mortgage,Valid,75173
a79552b6564c6a6dfd3b7ec7ab38f81c,Pennsylvania,Flat,2018-06-27,122496,2018-06-23,Mortgage,Valid,99064
ac0109ae552c00e2ff96b299a905da11,Pennsylvania,Flat,2017-08-29,987397,2016-08-05,Mortgage,Valid,96768
a54ce673682068bf3351a22cd6777697,Pennsylvania,Flat,2008-02-07,226614,2008-05-16,Mortgage,Valid,65951
648c72e69fae7a1c8bc46d1caa0ffac7,Pennsylvania,Flat,2013-01-17,126706,2013-03-03,Mortgage,Valid,54738
66c9dfd8cceb857e37a006a05dc449e2,Pennsylvania,Flat,2016-09-26,223692,2016-11-14,Mortgage,Valid,42300
9116fabaf65f03e9ea9a10077dc4bed4,Pennsylvania,Flat,2017-10-28,228350,2017-05-23,Mortgage,Valid,35506
65f8ba50b7935cef9bf9f8a3480609e4,Pennsylvania,Flat,2016-11-22,986093,2017-09-20,Mortgage,Valid,77935
39b555ba9cfcbc637d8b84da125b8979,Pennsylvania,Flat,2017-07-07,227408,2018-01-06,Mortgage,Valid,96614
122ef8c02bd8bbfe6525e463bc31f103,Pennsylvania,Flat,2018-04-24,568732,2018-01-05,Mortgage,Valid,05470
a057aba1d674502d58ea3eaaa102e2f5,Pennsylvania,Flat,2013-09-23,229366,2013-10-30,Mortgage,Valid,12983
af4c7ae15b4ddb82bdaa41add82dde2b,Pennsylvania,Flat,2018-09-23,564327,2017-10-12,Mortgage,Valid,09051
b9fa64e76ce5d688039c7f729ad9c952,Pennsylvania,Flat,2013-01-14,124372,2013-02-25,Mortgage,Valid,99823
316f37d8d453f69efba04336e4284044,Pennsylvania,Flat,2012-10-11,565044,2012-01-13,Mortgage,Valid,48833
e51d7a5dbdd3c332004eebd29633686f,Pennsylvania,Flat,2013-01-07,980428,2010-02-03,Mortgage,Valid,35749
47aa7ff51bbf6d1ca2a747249048aae3,Pennsylvania,Flat,2017-05-22,561394,2017-04-04,Mortgage,Valid,23338
a5850eb6bae36ad03a80d34f5b420a22,Pennsylvania,Flat,2004-01-21,562878,2003-07-01,Mortgage,Valid,04272
dff1a751e816295c8ecee14b5dfb6231,Pennsylvania,Flat,2005-06-25,220982,2005-06-13,Mortgage,Valid,82773
daf5c2b5f2de0ca1617912fda93ca437,Pennsylvania,Flat,2016-10-22,225854,2016-08-23,Mortgage,Valid,17918
173a95fbd7d363d251bb8b2b6d5cfacd,Pennsylvania,Flat,2012-08-09,988084,2011-08-29,Mortgage,Valid,37572
d37a98eb7aedbee329d65f1a45e78310,Pennsylvania,Flat,2013-09-12,569027,2012-10-05,Mortgage,Valid,36806
44eeb2b476bda0cf7546becfda5fea84,Pennsylvania,Flat,2006-11-11,985095,2006-07-28,Mortgage,Defaulted,64397
f664847146868a3f4398e35e0e5c69e7,Pennsylvania,Flat,2004-06-30,122999,1998-06-23,Mortgage,Valid,16074
936a4db637310d198b1c1cb72feb4919,Pennsylvania,Flat,2020-11-04,128066,2020-04-16,Mortgage,Valid,71536
9e0cbea7d3319c6c94c71dfb93c151b8,Pennsylvania,Flat,2018-10-15,224666,2019-01-23,Mortgage,Defaulted,73931
276375feba9334b6e80b87de2196e415,Pennsylvania,Flat,2014-10-25,566978,2014-04-10,Mortgage,Valid,14394
bf0c63e9732ab828f1448bb45d2caccb,Pennsylvania,Flat,2012-12-16,568192,2011-11-16,Mortgage,Valid,16080
caee90eee15fdd1c92f8b1d608da8c3b,Pennsylvania,Flat,2010-02-05,126772,2009-08-02,Mortgage,Valid,01581
75c211d010a23eb1f80633cf8377e9b4,Pennsylvania,Flat,2014-09-29,124071,2013-12-12,Mortgage,Valid,77457
61f6f17b7b8444ef7aa5fbdda01d84a8,Pennsylvania,Flat,2016-01-17,224978,2016-05-18,Mortgage,Valid,40073
7ae0c325ae020a70f6c08085e4807757,Pennsylvania,Flat,2002-05-12,981616,2002-06-05,Mortgage,Valid,37330
ff4b660d4bfac3403818ace10036c402,Pennsylvania,Flat,2016-09-27,562762,2015-05-09,Mortgage,Valid,72329
33107179ad6f119f9010212163f9fb6e,Pennsylvania,Flat,2013-05-27,120610,2013-10-03,Mortgage,Valid,97828
5a0d52dae27baff81cb32b93a906c93a,Pennsylvania,Flat,2017-06-06,987838,2015-06-20,Mortgage,Valid,91685
c3d3cdd40aa470374fe521f2968843d5,Pennsylvania,Flat,2008-06-05,221106,2008-01-25,Mortgage,Valid,11080
2896ac3a55b725efa68ed2e3d48bca96,Pennsylvania,Flat,2008-08-07,123578,2000-06-26,Mortgage,Valid,37637
568207bf79e92eabe7c5cc5284c14921,Pennsylvania,Flat,2014-05-25,986615,2001-09-12,Mortgage,Valid,82471
5e297d05afeb585bd54435373d992a8c,Pennsylvania,Flat,2002-01-23,227657,2002-06-16,Mortgage,Valid,64589
9837f2f6afca623461851e053aac472e,Pennsylvania,Flat,2014-12-03,228941,2014-03-23,Mortgage,Valid,43319
ebe7cdb3ae47c3a9fa9d55a51cbcf40a,Pennsylvania,Flat,2015-12-10,221443,2015-09-16,Mortgage,Valid,82553
fa278d4fc891ebc6b65d320b54d1e590,Pennsylvania,Flat,2015-01-23,566394,2015-03-14,Mortgage,Valid,83038
693723941e2776dd81b7a4bb323c85ae,Pennsylvania,Flat,2013-09-12,227297,2012-09-12,Mortgage,Valid,58690
3f8a8cfe74f2c6e9e2afc7a7a2f8ca56,Pennsylvania,Flat,2007-07-31,565962,2007-09-20,Mortgage,Valid,19698
37214f8c984b88a66d4bf60fb8e0051e,Pennsylvania,Flat,2015-06-27,982969,2015-06-15,Mortgage,Valid,05740
2864d68e1b6bb500f7662ab7eaf18b03,Pennsylvania,Flat,2016-12-11,987959,2011-10-23,Mortgage,Valid,75077
bf7a089130fe97a5397e53b31958fea1,Pennsylvania,Flat,2011-09-22,120998,2012-07-27,Mortgage,Valid,08963
535515197576574a1273e0953f8f4b89,Pennsylvania,Flat,2017-07-11,220620,2011-12-27,Mortgage,Valid,14609
8d190ba16b45f09a083dc51cf9f047c8,Pennsylvania,Flat,2020-01-08,221131,2016-07-19,Mortgage,Valid,44562
276e6b1c6e0c7882a8e925b45bdb862d,Pennsylvania,Flat,2016-04-18,227018,2015-09-08,Mortgage,Valid,32736
699fd61137f8fdb3be7199daa00b7bf2,Pennsylvania,Flat,2009-03-16,560891,2008-07-29,Mortgage,Valid,53732
a08a192467b171d883e1c6ff1cc736e6,Pennsylvania,Flat,2013-02-15,569131,2013-07-08,Mortgage,Valid,94867
51e8c9a9f452b41a23eee7c384876585,Ohio,Flat,2015-06-11,221715,,Mortgage,Valid,59419
0a309630502d33bb9c802fd7497ca0ac,Ohio,Flat,2011-12-08,227627,,Mortgage,Valid,81217
55c7d1467bd0b17b92b5c13b394dbeb2,Ohio,Flat,2014-11-08,227418,,Mortgage,Valid,82315
b6683174fc5ed2382d6728ede105edf6,Ohio,Flat,2017-01-18,566656,,Mortgage,Valid,17995
9e597f1bb4f2e0d62973793c4f53cf65,Ohio,Flat,2013-12-03,567380,,Mortgage,Valid,36437
90d7363040f4ddb646d3cf3ce0a8baa6,Ohio,Flat,2012-01-26,568601,,Mortgage,Valid,39398
9a505328006fb26242b0a9c0ea803157,Ohio,Flat,2010-07-25,227180,,Mortgage,Valid,13358
497f6e35fca31139180518f33ca875a9,Ohio,Flat,2015-06-06,129998,,Pledge,Valid,64316
fc66959bb0997161d892d70427c89e9c,Ohio,Flat,2011-11-10,568838,,Mortgage,Valid,97625
609c89c8f5f046b3a994103900e3ee75,Ohio,Flat,2013-05-12,980205,,Mortgage,Valid,20139
3ca0382e423ebc10e90dbe7090d2a306,Ohio,Flat,2012-09-02,563048,,Mortgage,Valid,07470
d4c89795e9d550411c91daa06bcab061,Ohio,Flat,2010-12-22,563766,,Mortgage,Valid,23448
cbb33a99079e988e8fc2457833cef4e0,Ohio,Flat,2009-09-21,980355,,Mortgage,Valid,63232
84dc3813d20ac76dc6ea52fa41e25677,Ohio,Flat,2016-08-30,129445,,Mortgage,Valid,76873
51fd430c239098df90277e558b60c5bc,Ohio,Flat,2013-09-02,126925,,Mortgage,Valid,06748
759ab15f7e014574a9810b10c9c8ce3d,Ohio,Flat,2013-06-27,561189,,Mortgage,Valid,13304
83e915cd6f0266a356eff0da49874fa0,Ohio,Flat,2016-09-12,126724,,Mortgage,Valid,48411
dd9f58ceb3a2be0f5b5b17afca563944,Ohio,Flat,2020-01-19,986460,,Mortgage,Valid,21875
92a193eaab80ba3d3f22699363188970,Ohio,Flat,2014-11-06,126974,,Mortgage,Valid,61741
b183eca4968363be066041a6423b8a37,Ohio,Flat,2018-04-19,981131,,Mortgage,Valid,18716
efa621636a81f20f2c7c3659d7702af2,Ohio,Flat,2016-03-24,223420,,Mortgage,Valid,03492
4e3478dfd1dbd1543da4cd9764ff1aec,Ohio,Flat,2019-04-16,227410,,Mortgage,Valid,35058
ed91a94bfb5bc6370b2c69aaa980dee9,Ohio,Flat,2014-05-23,126386,,Mortgage,Valid,55344
4098a1ff842411c593274e2dd25df980,Ohio,Flat,2013-05-30,120746,,Mortgage,Valid,00164
a198ec4de3fe2ed1489cfa6ba64d2530,Ohio,Flat,2013-05-16,987658,,Mortgage,Valid,58066
42390d0fa96f1a31039b2bd1101cb256,Ohio,Flat,2021-09-09,989005,,Mortgage,Valid,72469
ba23b5851ab72f9ce7c3ecafe8bade33,Ohio,Flat,2015-12-26,228778,,Mortgage,Valid,04090
a7bfed53cdf5aab438f53bc19c749a3c,Ohio,Flat,2017-01-25,124224,,Mortgage,Valid,89783
454de4dc95e585911b044537d029d45b,Ohio,Flat,2018-03-08,129141,,Mortgage,Valid,81427
1e216c2a201f05ff7362923bf3572248,Ohio,Flat,2011-01-19,561296,,Mortgage,Valid,20674
b35314879dc6a49d650ae73abfbb84de,Ohio,Flat,2020-09-20,128558,,Mortgage,Valid,35161
eb2e842e1da0590c847d7478a8b1a6e6,Ohio,Flat,2011-11-01,563890,,Mortgage,Valid,22693
a784a554df0d15962c693b93e4bfcea2,Ohio,Flat,2012-08-23,224044,,Mortgage,Valid,31664
a076e9351e795e5024f2bcc5b302ba26,Ohio,Flat,2012-01-14,986226,,Mortgage,Valid,13862
ef22900482ed00b999996db6cca11e65,Ohio,Flat,2018-07-01,125381,,Mortgage,Valid,63994
7d908a7f4cd29a4e3752a58e51ee2462,Ohio,Flat,2012-07-27,989325,,Mortgage,Valid,92050
9dbb5747a1d88a17d1e1b19f38a32002,Ohio,Flat,2009-05-26,121867,,Mortgage,Valid,21877
e171a44335486bbe770b3438526b65be,Ohio,Flat,2008-12-03,989138,,Mortgage,Valid,22345
457a55b595622daa070c57763ff7663f,Ohio,Flat,2017-08-07,224914,,Mortgage,Valid,56929
71caf892af1e8c33bdccad4065b32171,Ohio,Flat,2012-07-06,129206,,Mortgage,Valid,63582
46d1830a2438731642f0137f7b414918,Ohio,Flat,2016-01-12,227492,,Mortgage,Valid,98377
0399f28a219c88fd9669786f651f9cac,Ohio,Flat,2011-01-30,126830,,Mortgage,Valid,77980
8440b46d9bd9f5bccb3971733ec28bea,Ohio,Flat,2015-12-11,228940,,Mortgage,Valid,54589
e566e32db827ec435f63a423e2dd4b39,Ohio,Flat,2016-06-25,560497,,Mortgage,Valid,42280
75ed2971e0917d9f6e88436c47f31382,Texas,Flat,2009-05-15,984901,,Mortgage,Valid,83158
dba160b3db352824e0ab1714c158ee5c,Texas,Flat,2019-03-19,228563,,Mortgage,Valid,16457
18488b42bb26eb86bba2d162d8896211,Texas,Flat,2012-01-02,228251,,Mortgage,Valid,54066
a930fe1be39024342cc4fdf6f8a32b69,Texas,Flat,2014-06-08,227141,,Mortgage,Valid,51299
37a16f4b1b16cc9b64b7569249ad35d9,Texas,Flat,2011-12-01,983505,,Mortgage,Valid,50450
cc3ad85cecf650d5a67f8324d6f4f881,Texas,Flat,2016-10-20,126196,,Mortgage,Valid,91964
45965b527cd6bc10bc070855e82ff4b5,Texas,Flat,2019-09-25,129101,,Pledge,Valid,13537
ba9e6c04b074c75115bad439117357e3,Texas,Flat,2016-05-27,128385,,Mortgage,Valid,58352
c278742ab2487eebcd0e2c21dcfacec2,Texas,Flat,2019-04-08,564135,,Mortgage,Valid,16516
25cd2067592d7a609edb14d127170257,Texas,Flat,2017-08-18,127724,,Mortgage,Valid,47556
2714dbd863282b1674df520c0861e186,Texas,Flat,2016-10-14,983701,,Mortgage,Valid,42426
8692bd1e076eb9b9b6560fff5b3585fa,Texas,Flat,2016-11-20,569166,,Mortgage,Valid,82306
e285d0af1d28c172facb56c6623aa1af,Texas,Flat,2019-07-06,980101,,Mortgage,Valid,34946
82c0bad19b103c18a903d532057ca7c9,Texas,Flat,2004-11-20,227946,,Mortgage,Valid,41943
7fc80e279cf93fcb8eea724402f19fb1,Texas,Flat,2016-03-16,989213,,Mortgage,Valid,22429
400268277527af51b1d82c5400b88a77,Texas,Flat,2007-02-24,982618,,Mortgage,Valid,51216
ed6b59a9f9bb0cadf2a4427077957d16,Texas,Flat,2007-10-07,560481,,Mortgage,Valid,43080
a62420769b5e3642fd80e70bae93439c,Texas,Flat,2018-03-24,565923,,Mortgage,Valid,62070
ddd9d583a4d51bd367556c6096db6db9,Texas,Flat,2006-05-20,229473,,Mortgage,Valid,03529
c4049b6a53af72d62c9bd58a441ca5f9,Texas,Flat,2016-11-14,985373,,Mortgage,Valid,65729
11bbaab687fe192fbeee58303059ea47,Texas,Flat,2013-12-20,566047,,Mortgage,Valid,21611
4960615b4209a8b3100f5627715da1b0,Texas,Flat,2017-09-07,128950,,Mortgage,Valid,37522
26277fff69d88781c0def10f7cf77080,Texas,Flat,2016-04-18,225716,,Mortgage,Valid,96934
c4607e8caa1ede23f1a174c2f0917b22,Texas,Flat,2014-02-17,122625,,Mortgage,Valid,36062
c5f6ab5aacf1798bff16f1626a3155ce,Texas,Flat,2017-10-13,569123,,Mortgage,Valid,73063
c3caaea15f37b0c628faf8d585ee1177,Texas,Flat,2018-09-05,562346,,Mortgage,Valid,61384
2fda991871b31659befb956cba19fd37,Texas,Flat,2015-10-12,989068,,Mortgage,Valid,78024
1383a459744bcc0bfe161a7427cf1f7b,Texas,Flat,2016-07-11,986890,,Mortgage,Valid,75013
60ac7c34ec1f6aa36000c1b295b45b7e,Texas,Flat,2006-01-24,988958,,Mortgage,Valid,88704
782d20e256e70dd30a57e8e06d1e1db3,Texas,Flat,2013-12-10,568944,,Mortgage,Valid,38363
0dcb7cf90b14645c5d4717c198594c85,Texas,Flat,2018-10-05,984917,,Mortgage,Valid,90901
867de5dd452677ac1ad381e20cf8c7af,Texas,Flat,2013-05-02,221564,,Mortgage,Valid,50606
45579c8d4589605a2f052d9ada2db14d,Texas,Flat,2008-11-21,983656,,Mortgage,Valid,73852
206bfdfd477866e3a5f509165f303375,Texas,Flat,2018-05-25,123213,,Mortgage,Valid,76155
cd9f7a55d4459ac4509792e6700c9588,Texas,Flat,2017-06-03,569119,,Mortgage,Valid,52647
fa809d7be26529bdab30bd2090784ff7,Texas,Flat,2017-05-28,568923,,Mortgage,Valid,21016
3e569e3bb69700315349f90d43db2883,Texas,Flat,2016-12-21,220273,,Mortgage,Valid,08463
06c22edcb055c4935345e5d208202afc,Texas,Flat,2020-04-14,560415,,Mortgage,Valid,02625
5470e30d1d3b7701b1551a0f0f5398f3,Texas,Flat,2017-07-19,120410,,Mortgage,Valid,47735
aa8a30694029403e7dd0750c673c582e,Texas,Flat,2016-06-18,227589,,Mortgage,Valid,62653
aba04e296352ce809e69095a9317cee7,Texas,Flat,2018-08-03,985718,,Mortgage,Valid,16621
7686d79bfdc012aa59ab1d2614272eb5,Texas,Flat,2015-09-02,569403,,Mortgage,Valid,20299
37ab4f86148d2f9b61b3b8451cfeef71,Texas,Flat,2014-07-11,989106,,Mortgage,Valid,13078
d0ee7e22ab85fa377fd7f9e4b0676fd1,Texas,Flat,2018-08-09,569422,,Mortgage,Valid,54720
cb27fdee349ed42b8afde8b92ff7c47e,Texas,Flat,2018-07-20,563680,,Mortgage,Valid,93986
6fbae15a23982d8c24b78aa4776e2861,Texas,Flat,2006-11-01,224997,,Mortgage,Valid,02374
23798b9cc02c6815249615f9b87247a0,Texas,Flat,2003-11-08,127048,,Mortgage,Valid,89172
b37efc51cb5cf42c28b9fdb3bfad8455,Texas,Flat,2008-12-31,981243,,Mortgage,Valid,17801
c5c281bb36454f5dcdc993ce3194a06c,Texas,Flat,2015-09-11,982333,,Mortgage,Valid,19344
72ad8ecaa98e6bae7d4e625ccf644e52,Texas,Flat,2017-01-02,126606,,Mortgage,Valid,72754
2db2a23cabeb230b86d4144443051f04,Texas,Flat,2007-02-07,121251,,Mortgage,Valid,57030
b59bef8c8d191753ab9fdb763abfffcd,Texas,Flat,2017-10-04,988291,,Mortgage,Valid,88923
680b21cb950ad87ee33fdb5167de8b6d,Texas,Flat,2016-07-20,564085,,Mortgage,Valid,45800
038a890961047da9765bd3580d0a7438,Texas,Flat,2018-03-08,226996,,Mortgage,Valid,49076
02eb271674cd79b782f95b8f2f932478,Texas,Flat,2016-03-14,128361,,Pledge,Valid,82296
b4925824f8ac25a70a6344fb7e5095b6,Texas,Flat,2016-06-08,568477,,Mortgage,Valid,38305
37d3e37958db76e433ac935e2872b4b6,Texas,Flat,2017-07-28,983715,,Mortgage,Valid,02068
c32dd806e39c3edfecc9c5e7f904135f,Texas,Flat,2016-09-29,568471,,Mortgage,Valid,58359
105ff366955c0af2183077c32c879c07,Texas,Flat,2009-07-16,567109,,Pledge,Valid,99823
68ee73df57458157dd6e81ed55ba8902,Texas,Flat,2016-01-07,988701,,Mortgage,Valid,57699
df87a533042e55bc3a2091eab0ee1e8b,Texas,Flat,2011-04-21,129932,,Mortgage,Valid,28693
0e3ce87966f6b23766ea5aed25daf6d5,Texas,Flat,2014-06-30,562052,,Pledge,Valid,27411
c0ec4bb07c0de2607199c45abd792969,Texas,Flat,2012-10-05,989377,,Mortgage,Valid,06825
efcb966cb316d155dfe516a3a3d6a586,Texas,Flat,2016-06-07,120653,,Mortgage,Valid,16313
3a25b20d19657538f8ff8c02cb7ca59f,Texas,Flat,2020-11-18,228627,,Mortgage,Valid,65171
8cd6c886fa13851d614cd7a1ae3fff9a,Texas,Flat,2017-07-08,982690,,Mortgage,Valid,37716
d715ee8701e234dd1aabc77cd9eb10e3,Texas,Flat,2017-04-02,221491,,Mortgage,Valid,99678
ac822988ec62b274ecba93ea22b82511,Texas,Flat,2020-03-24,124137,,Mortgage,Valid,90040
69aed7853b0709992284d85f990dbd80,Texas,Flat,2014-09-16,985530,,Mortgage,Valid,70399
7da980327f8b123ae7170cee56283e05,Texas,Flat,2004-09-16,980511,,Mortgage,Valid,35899
d0e722fa4b7bfb5854c242cd71a1df72,Texas,Flat,2020-10-02,126087,,Mortgage,Valid,78741
5b58f11f35175281bb761853d1e129a5,Texas,Flat,2017-08-25,982349,,Mortgage,Valid,87733
b333240de44f7100710849bb8c0c71cb,Texas,Flat,2020-09-10,125113,,Mortgage,Valid,27326
7756cfdb521480405770161ea1decefd,Texas,Flat,2017-10-16,129236,,Mortgage,Valid,46890
39e4862019ebcae7324404a74760ab6e,Texas,Flat,2016-05-06,561779,,Mortgage,Valid,29165
66bd82cdfc976c2888de0a387fb2570a,Texas,Flat,2016-11-29,982252,,Mortgage,Valid,67104
8c5b54faf7f21604b244eed20876a367,Texas,Flat,2014-07-23,567613,,Mortgage,Valid,57683
96768ea97e2199c73dcfda56ea9f1e25,Texas,Flat,2018-08-04,561073,,Mortgage,Valid,98181
bada31020ac866d0f642ec1697d47ba9,Texas,Flat,2019-08-22,562299,,Mortgage,Valid,06079
556ecfbf8a643ec79dfc036a606b8df9,Texas,Flat,2016-11-06,229215,,Mortgage,Valid,35244
f6a610d2889fcfe87913babdd606d9ae,Texas,Flat,2017-03-27,983982,,Mortgage,Valid,45503
992f97708518d1c742e7778f00feda7a,Texas,Flat,2008-08-27,989452,,Mortgage,Valid,56272
a5225adb9756035046a91f82b4d52890,Texas,Flat,2006-05-02,981243,,Mortgage,Valid,67102
c77e6520d96e0653ad387c0f7b5027dd,Texas,Flat,2015-11-30,125497,,Mortgage,Valid,58827
69f689c9588ffdcbd1374b0581726e72,Texas,Flat,2018-01-22,569050,,Mortgage,Valid,20656
f09fac65a660078080270081c331321b,Texas,Flat,2016-03-28,981519,,Mortgage,Valid,86162
1ef2cc853abbb8a5425202dd464ead9d,Texas,Flat,2017-09-05,120642,,Mortgage,Valid,68896
7d455ba8c808efab99a5578164e55a86,Texas,Flat,2015-11-18,982108,,Mortgage,Valid,70107
ed8fc42adbb8cb47db440a51ebcacc7a,Texas,Flat,2017-01-14,226380,,Mortgage,Valid,77729
5a2352a136f93a0b69b21c36f5233e1a,Texas,Flat,2018-07-06,121287,,Mortgage,Valid,23670
013ce60f306a390682871a9c56cdb5c2,Texas,Flat,2012-11-29,122856,,Mortgage,Valid,49593
f3429244636d17a3b47da623b10edd42,Texas,Flat,2017-04-03,124157,,Mortgage,Valid,06989
73e5ee89269b7c28749cad3acf93cad4,Texas,Flat,2021-08-19,566748,,Mortgage,Valid,14380
3d50104ac292404915bc80816059b167,Texas,Flat,2015-06-12,568693,,Mortgage,Valid,22072
522a265c9d880531a5647c2b8c3154f5,Texas,Flat,2018-11-13,567073,,Mortgage,Valid,18177
32004a58881e930e6ecc13549a20350e,Texas,Flat,2019-12-01,984166,,Mortgage,Valid,50548
3d91854e3e0a5726dfba379b93d5bd3b,Texas,Flat,2016-01-02,563777,,Mortgage,Valid,67599
c3fb1e40911c1389563133ac336633d4,Texas,Flat,2013-02-21,124261,,Mortgage,Valid,04360
bc01c23b40744fb229a332946658d4e3,Texas,Flat,2016-05-20,568722,,Mortgage,Valid,05915
1ec268e4db653cd9ee9ad9f25467fe53,Texas,Flat,2017-04-02,562783,,Mortgage,Valid,88365
115fd0a71c8fcf7a8d3d0a682e4f91f4,Texas,Flat,2014-07-03,228583,,Mortgage,Valid,76144
30633674c641e773fedc4d4277dd051b,Texas,Flat,2006-04-11,127518,,Pledge,Valid,96913
61f4fc11fa5465285419317079303da8,Texas,Flat,2015-09-01,120137,,Mortgage,Valid,79670
59eb379b81c3a174fea85c0f05134dca,Texas,Flat,2017-04-11,221241,,Mortgage,Valid,64245
47bb97764a63e4d6b720e42145a86336,Texas,Flat,2018-05-04,989248,,Mortgage,Valid,17127
7d86ee0605aa714797dc18182b0a6fa5,Texas,Flat,2003-02-22,987746,,Mortgage,Valid,09164
0a3ad52b708b1d67782066e05ce2d261,Texas,Flat,2008-12-07,989446,,Mortgage,Valid,95383
bd1f87e776b4642ea844845a30579b00,Texas,Flat,2015-12-29,228017,,Mortgage,Valid,75138
47790544f37590ff0aa3e0bf438e9368,Texas,Flat,2019-02-06,981316,,Mortgage,Valid,47869
09682505af6ec893da870c52d90cb33b,Texas,Flat,2019-03-30,568639,,Mortgage,Valid,46365
a3b1cc21819448b20c5e842aee842fd8,Texas,Flat,2017-09-03,229814,,Mortgage,Valid,01491
97d77bb271b6faf404c08f2b31754bde,Texas,Flat,2017-02-26,228033,,Mortgage,Valid,62812
152ef1262eba561cfbcdc0b6f35ea373,Texas,Flat,2020-09-08,986493,,Mortgage,Valid,95268
f199cec32389fb83436ac720e4211b2c,Texas,Flat,2019-01-20,128138,,Mortgage,Valid,33064
ed5b3fa4267d776e80de469cf1f69448,Texas,Flat,2017-04-16,227873,,Mortgage,Valid,00631
7919c33e9dc0b6b98535619579abd5f8,Texas,Flat,2018-08-21,223347,,Mortgage,Valid,47967
df21f7b28ea4a35a725c6bc5894ab4b3,Texas,Flat,2021-04-13,569380,,Mortgage,Valid,12799
60eb09bd1b949bfd9c94a40c30a12077,Texas,Flat,2019-01-01,229538,,Mortgage,Valid,40844
ef5131090602788b761b99a54fc0a2ff,Texas,Flat,2016-09-01,228914,,Mortgage,Valid,43607
6b11d62f76e80b88d0c9cc4310e8afa9,Texas,Flat,2019-12-11,985973,,Pledge,Valid,45684
250a961e4ea89d847789b2d613e3e08a,Florida,Flat,2021-07-14,560277,,Mortgage,Valid,24017
af9307b2b428bfbf1cf0fdd794f270db,Florida,Flat,2006-02-27,982330,,Mortgage,Valid,96890
0cdec39b12c4103004a759ff2823a305,Florida,Flat,2018-08-28,562619,,Mortgage,Valid,36351
32232f34c62a76088435f773dc7434e9,Florida,Flat,2016-10-01,224946,,Mortgage,Valid,16427
4bc04f42129a0b6e5b38c137c210cfd6,Florida,Flat,2021-10-17,221999,,Mortgage,Valid,03243
7756383664e6a16e8744e6e0a135f2b3,Florida,Flat,2012-06-10,127076,,Mortgage,Valid,19058
6b761f943055a5e43e841d9dc3df72b8,Georgia,Flat,2015-09-04,227327,,Mortgage,Valid,08303
7a89c2a5a446cab355204d727a02ab33,Georgia,Flat,2018-06-04,988497,,Mortgage,Valid,86673
629fff84b076e6489cf88a44d14cf7d8,Georgia,Flat,2011-11-23,561924,,Mortgage,Valid,46328
8e678984d33d333d8530f4536d08537c,Georgia,Flat,2018-03-10,984271,,Pledge,Valid,90159
9da61d6c8cdd9faa829208d8895c0f20,Georgia,Flat,2018-05-29,124712,,Mortgage,Valid,41724
10f8d96ea677f1be95bdbc72c349b53d,Georgia,Flat,2011-09-26,983317,,Mortgage,Valid,56281
f331ea8f1fe2ca32cb1fded408522157,Illinois,Flat,2014-11-29,561770,,Mortgage,Valid,64888
aa7f9f2d01a9ba905891a1216ab52e7d,Illinois,Flat,2020-02-23,985336,,Mortgage,Valid,07698
4c76702f5df6db85ad3dcb59ca51cd3c,Illinois,Flat,2012-08-29,987298,,Mortgage,Valid,98227
d80bcd591f11b8f604b94b7c8b1808b3,Illinois,Flat,2006-02-12,565133,,Mortgage,Valid,81160
764859799fd4b6c67778da2770e2f3f9,Illinois,Flat,2008-03-03,127118,,Mortgage,Valid,61345
e94ca8286eb8d44a82c41a89b33764c1,Illinois,Flat,2012-06-05,227656,,Mortgage,Valid,26725
572fbe7d662cd075e565d554df5eefff,Illinois,Flat,2014-10-25,563361,,Mortgage,Valid,21874
f6b7e71373c7d6a5bbc525073fda420b,Illinois,Flat,2015-08-01,981243,,Mortgage,Valid,78163
3e4e5bfe99e4dc90b29b230687bca63a,Illinois,Flat,2010-01-01,125806,,Mortgage,Valid,48072
fbf9b49a7fd59d1fc51bd7fb7327c98e,Illinois,Flat,2006-01-16,124082,,Mortgage,Valid,92290
01dc1da6699ceb9631099d3b47c7cc02,Illinois,Flat,2015-01-04,227175,,Mortgage,Valid,16457
b2a0e81bbb9bbfaf1750a41c90b49ef3,Illinois,Flat,2015-10-17,986726,,Mortgage,Valid,35079
00540e7e9caf2ce6a36a0b4c3610554d,Illinois,Flat,2013-10-07,982670,,Mortgage,Valid,32949
01c286a7a7bf636bd667141ef639ddfc,Illinois,Flat,2007-09-05,129861,,Mortgage,Defaulted,94879
b8a7cfc438677d5a2daf4008291e1f04,Illinois,Flat,2015-05-01,569179,,Mortgage,Valid,61648
0f8ab70ae99fcf7ba533059b7acd4311,Illinois,Flat,2014-07-04,126527,,Mortgage,Valid,73494
c2d9059b09d9fa56247444ae19de1e93,Illinois,Flat,2015-11-04,125133,,Pledge,Valid,67764
958411c119be612d47473ca70b7b727d,Illinois,Flat,2015-10-21,122049,,Mortgage,Valid,83507
010ece732778d5dea5076bda6939a89b,Illinois,Flat,2015-11-19,981052,,Mortgage,Valid,20490
0aa9ae59099d90ee5e8501c235f2a600,Illinois,Flat,2018-04-08,564457,,Mortgage,Valid,95534
61dcc7a859c4a5c3034bf3c94467152e,Illinois,Flat,2016-06-07,565043,,Mortgage,Valid,51458
e09cbae8d322b5c21d7e8e841b0f91c4,Illinois,Flat,2014-12-08,223394,,Mortgage,Valid,89196
c8ab04140ff85188a681a97a06f85966,Illinois,Flat,2017-04-04,120849,,Mortgage,Valid,10780
2eea969fd277177e2af8c71b7cd1a13b,Illinois,Flat,2021-01-06,128265,,Mortgage,Valid,37512
2e41a54f0c42ea7dc7757d83c6401bd1,Illinois,Flat,2020-02-07,565489,,Mortgage,Valid,85000
f9cdd51064c5d7ac6de524d2742e6028,Illinois,Flat,2015-04-28,981197,,Mortgage,Valid,11279
7681146885c0b06ab14f244aa18b8ea4,Illinois,Flat,2012-02-05,565284,,Mortgage,Valid,87197
2804d87e67017fc4e40c18d9d493d2d8,Illinois,Flat,2013-05-29,129123,,Mortgage,Valid,20132
3e1b3cc49631b94c7008762009aa0664,Illinois,Flat,2006-09-08,981556,,Mortgage,Valid,85588
ebe36f86004db3d910f4b1560b0a2b32,Illinois,Flat,2006-10-18,227988,,Pledge,Valid,01782
ea75f4bc1113124bbe67b7dc8f4d435c,Illinois,Flat,2011-01-28,988815,,Mortgage,Valid,97993
43ca59cc2d03d3215015c293abc272cb,Illinois,Flat,2008-12-23,120395,,Mortgage,Valid,89490
4b8232879904e2b4d993c9471e6a1b65,Illinois,Flat,2015-08-12,128984,,Mortgage,Valid,74976
b12a9294c4a8be04a34380cb6ec16d19,Illinois,Flat,2014-06-15,568797,,Pledge,Valid,30223
bb803315067552eaca230710da2bc059,Illinois,Flat,2020-08-07,981029,,Mortgage,Valid,16941
72cb0b56ce4e708eb1cff490d813e199,Illinois,Flat,2015-07-30,984885,,Mortgage,Valid,92924
820977089518580f1f8e244c4443ec3b,Illinois,Flat,2011-09-22,987962,,Mortgage,Valid,91300
579075abbebb7281fc7832fa08127860,Illinois,Flat,2014-06-18,129056,,Mortgage,Valid,21883
f2b43f25134db2e0db28e390a56fd5b0,Illinois,Flat,2013-11-17,569561,,Mortgage,Valid,61491
d0a33f2cbd08cc29aa298933908a3bba,Illinois,Flat,2013-08-05,222793,,Mortgage,Valid,15875
d5a8f2c4ec8d41b636a9e7f57569a6e7,Illinois,Flat,2015-05-11,228374,,Mortgage,Valid,02577
92aa2454d4991ae86aa1f1793611219c,Illinois,Flat,2014-04-18,220178,,Mortgage,Valid,46484
c6dc2ec4e149adba6e986ae195757383,Illinois,Flat,2012-09-26,987801,,Pledge,Valid,44150
2b06019583b5f94160b9a0d90e32a123,Illinois,Flat,2014-09-27,228726,,Mortgage,Valid,25533
19e73c2774b251024cdb266a66b1ba40,Illinois,Flat,2017-09-01,222239,,Mortgage,Valid,30699
9f397da7112c878fc09ff5db7c251481,Illinois,Flat,2015-06-29,983606,,Mortgage,Valid,74371
91fe0a9c2cc23fc534002e5f8c1439c1,Illinois,Flat,2016-06-22,988574,,Mortgage,Valid,07137
a0dcdccf4ce5fb57333f25e369b26cf3,Illinois,Flat,2018-06-08,568746,,Mortgage,Valid,14059
08e0db80630a4d0f231d6643b78edf70,Illinois,Flat,2017-02-07,989422,,Mortgage,Valid,37353
484110b9e2e503a2a11f2ba23f607abf,Illinois,Flat,2013-08-21,124307,,Mortgage,Valid,84332
21b522915e5f65e0fca785b59b19f74f,Illinois,Flat,2015-03-03,124833,,Mortgage,Valid,17299
3020eeb40643495cd7b98a854ffd4a14,Illinois,Flat,2015-12-08,989097,,Mortgage,Valid,27091
63e70fb2ea19741fe699a0f1deb023d8,Illinois,Flat,2015-12-25,567205,,Mortgage,Valid,45545
c15f624730f5b1246e56e399ae27ee12,Illinois,Flat,2015-05-22,569354,,Mortgage,Valid,68913
f6b2b95985ee43c11d71218acfea02be,Illinois,Flat,2016-12-11,228244,,Mortgage,Valid,60993
eeea37c34f78fb3ac62f1dec48d20bb8,Illinois,Flat,2013-10-22,560410,,Mortgage,Valid,53234
0c278595351b2efe304e84bf80a7ba31,Illinois,Flat,2019-05-03,121601,,Mortgage,Valid,72745
4315c097b145bf98d75a4ef5c6f99da2,Illinois,Flat,2017-03-09,129816,,Mortgage,Valid,11728
05c009a24be2c8dca988c3935a97701f,Illinois,Flat,2011-10-22,565865,,Mortgage,Valid,15201
1b10d8622a5f9512f13b5d81b50f68bb,Illinois,Flat,2006-10-09,224098,,Mortgage,Valid,16352
b133b7cf49c0d4880a0a786cb66ea365,Illinois,Flat,2015-08-11,123789,,Mortgage,Valid,46774
cef6464d031a1825893bc1cebda62dd9,Illinois,Flat,2017-06-09,227027,,Mortgage,Valid,74405
93fc0ed638868eab47e411375c724264,Illinois,Flat,2015-08-10,565091,,Mortgage,Valid,38356
80446c774ef1c5df0e0c315c7d892f25,Illinois,Flat,2006-06-11,226000,,Mortgage,Valid,15964
06cbbae29934d4c4634ce0506aa830a9,Illinois,Flat,2013-11-30,123692,,Mortgage,Valid,88249
858de4a0e133544b6b9e8bf87a193a75,Illinois,Flat,2015-02-25,129525,,Mortgage,Valid,73727
14cf251f5ca6d6729a899e578371c068,Illinois,Flat,2021-05-11,562774,,Mortgage,Valid,90688
c2ba0f7f4b711fb1ae320e8dcf95ca4d,Illinois,Flat,2011-07-19,985013,,Mortgage,Valid,91281
efcab5f15de8870015016373189cccd4,Illinois,Flat,2015-05-28,223549,,Mortgage,Valid,08219
9600247982264cfac3e141bdee1647d4,Illinois,Flat,2009-07-18,989286,,Mortgage,Valid,97615
2b3772932d821429f4cc25ecd079a841,Illinois,Flat,2015-10-07,981572,,Mortgage,Valid,40687
42e877141addd24768151f772287ba2e,Illinois,Flat,2015-03-26,221228,,Mortgage,Valid,18983
0153da4a412cc5ea6072d64422edf235,Illinois,Flat,2014-05-31,561613,,Mortgage,Valid,20151
2dbab5c34adc30ea426c7c874b13068b,Illinois,Flat,2015-05-15,122692,,Mortgage,Valid,98458
8e998871e01a324c1d18040dda85e88e,Illinois,Flat,2011-12-07,228356,,Mortgage,Valid,95731
5eae864b45c7d59cc8a67be0566e7454,Illinois,Flat,2016-10-23,122730,,Mortgage,Valid,70963
1e6da9f3425ed6c59f52e0b68d9e99fa,Illinois,Flat,2015-10-06,567697,,Mortgage,Valid,27078
912eef9133725fa2bef628adaa00ad9a,Illinois,Flat,2015-04-23,983811,,Mortgage,Valid,51905
0871c4818194764bfa888d50eca5eedd,Illinois,Flat,2020-01-28,987376,,Mortgage,Valid,35102
940ed16f5f0b935030e88b3b472a5228,Illinois,Flat,2019-09-23,228783,,Mortgage,Valid,98635
111f57b1711a3d8ed7e8ef47272245a7,Illinois,Flat,2014-10-13,227128,,Mortgage,Valid,11362
b3e4d9247532f51eca5f95d5777a4c8a,Illinois,Flat,2008-08-18,564026,,Mortgage,Valid,42930
cc7371c3216b7bd4086ed6d097a7f835,Illinois,Flat,2014-06-30,561515,,Mortgage,Valid,88121
b61ec835b1301b5fdaa17fbd918a6ffc,Illinois,Flat,2021-04-29,129038,,Mortgage,Valid,40041
5b3305b0ef23aef85fd26fbada0f4ef4,Illinois,Flat,2014-01-31,220647,,Mortgage,Valid,23720
1dace945031591fd6c805463a73743cb,Illinois,Flat,2018-11-05,987808,,Mortgage,Valid,01039
f1b514ebb7a02978392f6e949a057c1a,Illinois,Flat,2020-07-15,569245,,Mortgage,Valid,40500
fad5476d055a26a0cdf02ab18a090fac,Illinois,Flat,2015-06-08,124398,,Mortgage,Valid,91401
1a42c5f4f6077f956ad23dd83ce7a496,Illinois,Flat,2011-10-01,566027,,Mortgage,Valid,08599
87d47a40b2e242dd7f9ecc03d3cd4949,Illinois,Flat,2015-12-10,228182,,Pledge,Valid,61262
f3eaa6adfb97bbbb133759e446b32920,Illinois,Flat,2018-08-01,568827,,Mortgage,Valid,67244
d28c54c3ee3adde3cd75d57edd0d8a62,Illinois,Flat,2013-05-29,225115,,Mortgage,Valid,46897
17aa570a7bc5bb2a8a3128f859a24b7d,Illinois,Flat,2014-04-12,125166,,Pledge,Valid,84362
04e83986e3614756d5a89c9f438c85e4,Illinois,Flat,2015-03-19,569662,,Mortgage,Valid,55127
b554cb075605ab1c478014bde4de692e,New York,Flat,2016-12-09,982404,,Mortgage,Valid,79263
d61eeb3cca488431678d61cdd34988fa,New York,Flat,2016-04-19,124566,,Mortgage,Valid,86651
9620a1996b5901dbe06684d995c689b2,New York,Flat,2015-01-11,128547,,Mortgage,Valid,41235
87e6fe3299401c1a463d469f4f27b150,New York,Flat,2012-06-18,566788,,Mortgage,Valid,70154
ec0dd655afdc105f83e880010ada1b78,New York,Flat,2018-02-23,222920,,Mortgage,Valid,82925
29158766e887e781647803c0ef1ab0cd,New York,Flat,2017-07-16,562176,,Mortgage,Valid,93043
9337bcd7b88cad63575c3a6a3d02505f,New York,Flat,2012-12-13,227994,,Mortgage,Valid,33042
393b85bc691b8459894c93cb003e6668,New York,Flat,2020-05-07,125290,,Mortgage,Valid,50981
68585b7710500725bb0c40eeb4516c20,New York,Flat,2017-10-21,565622,,Mortgage,Valid,04953
1f8de1233cfee7cff5f1f105c44ec810,New York,Flat,2019-06-24,225982,,Mortgage,Valid,13759
05eff80ffb099775bd42aa775526f7e7,New York,Flat,2005-08-25,562925,,Mortgage,Valid,26639
335d17d470d57db38e98161f63922fa7,New York,Flat,2021-05-16,221182,,Mortgage,Valid,55430
6cc0f1d77eb8aa56898513f0043b5cf9,New York,Flat,2016-10-14,224089,,Mortgage,Valid,56618
06cfb97086be6dbb86b3b8f3e1154393,New York,Flat,2019-03-15,127231,,Mortgage,Valid,95457
debb29405914329ff36f963d2f1b8b6a,New York,Flat,2018-06-02,124971,,Mortgage,Valid,10147
c6c5cc5f9d921fd0908ad591f6208ca4,New York,Flat,2019-05-10,568196,,Mortgage,Valid,52289
0f5b2665012ae2931164a99c75ec61bd,New York,Flat,2017-06-02,125795,,Mortgage,Valid,52182
78e988e4a74fa42fcd5c85228a9bdc75,New York,Flat,2013-06-04,983344,,Mortgage,Valid,25081
a813684ff85d8b1832559d78b47f84dd,New York,Flat,2019-10-28,128323,,Mortgage,Valid,52826
3611d51488ed50122f10faf8e8891abc,New York,Flat,2016-09-20,120499,,Mortgage,Valid,56517
52070a8d719353349a121cece5da545a,New York,Flat,2014-10-16,565863,,Mortgage,Valid,10420
2363e7105877492cc0b1d134e339da35,New York,Flat,2020-09-24,124816,,Mortgage,Valid,40749
b93a095f9fb77cf88401e70c3af4cf9b,New York,Flat,2020-01-06,568171,,Mortgage,Valid,26116
0932c4dc72724d3739c6cd90484226f9,New York,Flat,2014-12-21,223415,,Mortgage,Valid,71718
dd20d3b9a2faa94090fbe1d058d8574d,New York,Flat,2005-07-27,568253,,Mortgage,Valid,37112
4ea378fb4ce00828799d988b8992aaee,New York,Flat,2018-12-21,125063,,Mortgage,Valid,42682
cd0d4a6163d9cf7afc511ee6954a2c71,New York,Flat,2016-11-29,224761,,Mortgage,Valid,68995
38d21583dd4e6369993c449a01e46e0c,New York,Flat,2021-10-25,223812,,Mortgage,Valid,88193
37f206fc7d7c9b4d438832d89cfe25c0,New York,Flat,2012-07-03,987395,,Mortgage,Valid,51148
f4a044b090eaf45ae2f47722398a7760,New York,Flat,2013-12-06,125096,,Mortgage,Valid,48772
427ef859d110ad3e2bb9989b24ba4cf8,New York,Flat,2016-06-28,566050,,Mortgage,Valid,14572
c59f357db1778905fb94910295effc2c,New York,Flat,2016-01-17,227316,,Mortgage,Valid,36677
21d3dcdd0c145d646c26020ff0b94e2f,New York,Flat,2022-04-07,223898,,Mortgage,Valid,25747
f959e269b23bd963627bb2d4a0f5a15b,New York,Flat,2014-11-05,560723,,Mortgage,Valid,97946
c87b13613340d816b16f55d7cbbcf8ca,New York,Flat,2014-08-18,987967,,Mortgage,Valid,02563
89f0191f7894441e5869b7db0aba5047,New York,Flat,2021-03-02,565352,,Mortgage,Valid,51097
71abb2a0186660ccbad40e77f860dc92,New York,Flat,2017-04-01,561173,,Mortgage,Valid,36838
f889e033c7a2bd24611aa71b571293b2,New York,Flat,2015-12-26,988215,,Pledge,Valid,20066
c3d8618e761f8c81136df058510a34d3,New York,Flat,2019-07-07,981324,,Mortgage,Valid,59808
4b074824a18de62c02d487a8775f4bed,New York,Flat,2007-04-12,982409,,Mortgage,Valid,07631
4a3ed7f6048c8e7c5f72f80c8c905fac,New York,Flat,2016-07-01,222384,,Mortgage,Valid,71852
4c1184b45fecf51931e2a23b17918b4f,New York,Flat,2017-12-15,566044,,Mortgage,Valid,93825
d94de71f0cdc4a9ea3076f6a24dc782a,New York,Flat,2017-08-22,981571,,Mortgage,Valid,44874
b0e115adf057d214127b719230eaf06e,New York,Flat,2020-05-13,124035,,Mortgage,Valid,31758
ea62cc9f5d64c126ece23ff46a20c85a,New York,Flat,2014-03-08,565680,,Mortgage,Valid,15944
de17b8142ada4e2601f8ce24750b613e,New York,Flat,2018-04-24,985529,,Mortgage,Valid,79910
d6db5fa997aff0df0abcf601783421c9,New York,Flat,2013-10-26,986932,,Mortgage,Valid,02818
95a06b502a846e56c89d0ca4954aeafe,New York,Flat,2018-02-04,560532,,Mortgage,Valid,21187
35115d8dbf26b5af8ac4f9a994c47cbb,New York,Flat,2008-07-01,121805,,Mortgage,Valid,91663
47948ee294bea9c66156f96b48ded04b,New York,Flat,2018-02-02,564955,,Mortgage,Valid,99399
0ea611a2760039d6c05e19431185ec79,New York,Flat,2014-06-03,223447,,Mortgage,Valid,39366
4874f2f25eb30803ebad6fc2797c84dc,New York,Flat,2020-01-29,568547,,Mortgage,Valid,34033
27ed629009729744c734b42663b7c18d,New York,Flat,2018-04-30,569964,,Mortgage,Valid,87243
3e42714c9c57dd8872bdd040498a13f2,New York,Flat,2009-07-13,984601,,Mortgage,Valid,73398
7ca5869b69bd4fd68b2c7fd7d77b6475,New York,Flat,2020-02-17,989115,,Mortgage,Valid,65595
4ec9766c330586a34200bdd7e8317c06,New York,Flat,2014-11-15,124572,,Mortgage,Valid,85541
3a713a608d91179e6be6211a843f9ab8,New York,Flat,2016-06-09,989558,,Mortgage,Valid,89124
746cb76f33bce77ccb7c3fead9530c95,New York,Flat,2018-06-27,220703,,Mortgage,Valid,36809
819723101ec2c103ee3f35dbbd63f0e1,New York,Flat,2016-02-02,987849,,Mortgage,Valid,66967
a5ad5d7ad41d80a480fe5ba783284dc0,New York,Flat,2014-07-12,221118,,Mortgage,Valid,08933
91bf58a0924f607a81ca38b31ae1a6e5,New York,Flat,2021-01-26,226279,,Mortgage,Valid,98113
1adda1fa3236fae9e683b872a8fce27c,New York,Flat,2015-04-12,227408,,Mortgage,Valid,77777
2897656ea377e58fb1af08554ed019b4,New York,Flat,2018-11-08,566278,,Mortgage,Valid,75746
0b93dc37627faed02ca837e422f29517,New York,Flat,2016-03-21,989188,,Mortgage,Valid,27352
66f9727da3c33dc4ab0b746cd084bbec,New York,Flat,2016-05-21,129300,,Mortgage,Valid,68582
a1e8476ee76d071bad599798b18d7e7e,New York,Flat,2011-08-08,121415,,Mortgage,Valid,29475
479f4282c91587850e0208c4081de60b,New York,Flat,2019-04-26,127538,,Mortgage,Valid,07521
9649cdf1f5fc12886de0bc80a98b0262,New York,Flat,2013-10-26,986493,,Mortgage,Valid,49062
9a44a78c59bb548fce68b71442dddc57,New York,Flat,2003-09-24,124421,,Pledge,Valid,79407
c3d45288e09bcde03308a1860122b78d,New York,Flat,2016-07-26,565860,,Mortgage,Valid,52917
c7f89feddcb4acd91def967afc7c7605,New York,Flat,2018-09-10,123948,,Mortgage,Valid,98812
aa1f86873622ecffbf48eae3c0743ef1,New York,Flat,2007-10-13,223199,,Mortgage,Valid,99236
2dfb4c9af7a90fba4a2ad35cf3eaf89e,New York,Flat,2016-03-14,120606,,Mortgage,Valid,85286
fe3730d16d1ef628369e87f851b9f379,New York,Flat,2016-05-15,981212,,Mortgage,Valid,43669
65c2878a8cbb4fbc24398bc1b9fdfb04,New York,Flat,2019-10-10,222030,,Mortgage,Valid,02867
446470ee1247bd3443aed4f11d3f7bd4,New York,Flat,2019-10-31,226251,,Mortgage,Valid,63756
8a690d50507eae3285e9cfcb5db5a51a,New York,Flat,2020-02-08,221306,,Mortgage,Valid,77893
3bdf3bac5e11e4c31daad9644fb03bd3,New York,Flat,2016-03-24,225106,,Mortgage,Valid,76957
1e7e0b2e031b6f40ec85edf337b54811,New York,Flat,2015-09-28,125292,,Mortgage,Valid,76423
8a581525a1744b906daa03c50a71dbd2,New York,Flat,2017-04-29,569946,,Pledge,Valid,02097
18e1ab480ddbdae93811de4e96a43d3b,New York,Flat,2017-12-17,983772,,Mortgage,Valid,77561
190d028e7c362a895fe3c41672979dfb,New York,Flat,2007-12-26,567069,,Mortgage,Valid,35423
27ecc431e4c4934972ec6b3eb9544b08,New York,Flat,2020-01-06,123450,,Mortgage,Valid,04421
ce922a0f523d2bf3d618948c001bca6f,New York,Flat,2019-07-12,564816,,Mortgage,Valid,36962
6632bf5f525dfdd4260df7ed69adf09b,New York,Flat,2019-12-14,223458,,Mortgage,Valid,14458
09a7d5b485e31592cd7f18aa80e542d7,New York,Flat,2011-01-04,980174,,Mortgage,Valid,88447
75540297c246b401f95b33015aedaba6,New York,Flat,2016-11-07,981180,,Mortgage,Valid,29644
2fb7b65926caf4f15ea051a37314785b,New York,Flat,2018-02-07,127361,,Mortgage,Valid,60130
12f3486d8de8a7a40be8063cade9e52c,New York,Flat,2013-10-21,569512,,Mortgage,Valid,94658
fbe1ccc8ae5033a52d9532a382833256,New York,Flat,2011-08-22,562922,,Mortgage,Valid,15081
cd6a9e5b215bff3b3dbac83e316998ad,New York,Flat,2018-05-30,123521,,Mortgage,Valid,83157
cd0582ff9e54cefa9c1f874c77747a26,New York,Flat,2020-12-26,225965,,Mortgage,Defaulted,04158
2386088d1d2fdd9236b59554f04c23de,New York,Flat,2012-11-13,127499,,Mortgage,Valid,20865
32307d490af9dbc41c8b6083130891f4,New York,Flat,2012-10-06,986802,,Mortgage,Valid,60415
576dd6861a7c14c26d3d1a2c3eb849a6,New York,Flat,2017-10-16,228609,,Mortgage,Valid,57007
1c7dbfb3c9d016a81efe3157ad29386f,New York,Flat,2018-08-12,228097,,Mortgage,Valid,98622
229eea2e42330dff6054fbcb790d4fdd,New York,Flat,2019-02-16,223262,,Mortgage,Valid,53334
d797b439054d077665ded3c1ca1eff2b,New York,Flat,2017-06-07,120801,,Mortgage,Valid,15856
790983b6ad42371e61af50a247eb7d92,New York,Flat,2018-02-18,980779,,Mortgage,Valid,21735
74cd04e3f92997a610348d76c9676398,New York,Flat,2001-06-01,224202,,Mortgage,Valid,88142
677b3b27340ec4a31e5f6ca8f21b9c77,New York,Flat,2009-10-26,221060,,Mortgage,Valid,26299
6c6af2f7faa51a52c5e8e2a48b50598e,New York,Flat,2014-04-02,568943,,Mortgage,Valid,29490
ae1cf3c7f5ef1b53ad4dadbdd94784fb,New York,Flat,2016-12-29,980498,,Mortgage,Valid,46713
602518fa0f062df402050e5eacd66df9,New York,Flat,2018-09-08,227154,,Mortgage,Valid,00976
60cca011ee5110ac55837cefc9ac4f40,New York,Flat,2015-10-18,126183,,Pledge,Valid,08524
d6be13f87bb0bd98055bbf687c554cb8,New York,Flat,2014-10-14,121960,,Mortgage,Valid,76805
3af1b25b40ecd9068aa375e58e60ac38,New York,Flat,2017-05-06,220199,,Mortgage,Valid,89764
d7036125ee0ef100baf2b3dd9ad679f6,New York,Flat,2002-11-11,221954,,Mortgage,Valid,36553
d0e4c3d24a7dc0df317adf41bc4d428e,California,Flat,2015-10-11,120441,,Mortgage,Valid,06452
c0b429d81419089d8bad97118525628c,California,Flat,2015-06-17,122875,,Mortgage,Valid,30591
f5a3aaeebe7b7f134fa25005528b1647,California,Flat,2020-06-20,123048,,Mortgage,Valid,56809
b61c917e828b9ec65573a8c03a5a5669,California,Flat,2014-08-06,569407,,Mortgage,Valid,93612
bc9e7d928b0a0cbe187690b96b4307ae,California,Flat,2011-09-26,986076,,Mortgage,Valid,44033
d0fa97b1000779913018dc53abee7869,Pennsylvania,Flat,2018-03-06,981983,,Mortgage,Valid,64737
e3ca8ced615502a2bf7001b71eeea0ba,Pennsylvania,Flat,2015-02-23,981718,,Mortgage,Valid,73053
14490ad39a6c889a5d0310b84014c195,Pennsylvania,Flat,2012-11-29,981770,,Mortgage,Valid,33273
66eaef390417c801b7a194a824a0e317,Pennsylvania,Flat,2016-07-30,984917,,Mortgage,Valid,91958
3dc6312e30553a9b3ee26b5034ea19d2,Pennsylvania,Flat,2017-09-13,125835,,Mortgage,Valid,26416
9957ed6b37be85ed3a925c7ac88d70c5,Pennsylvania,Flat,2010-05-20,981866,,Mortgage,Valid,58318
a0aa53bb9135441f43bec8151d01e3b9,Pennsylvania,Flat,2017-02-17,564050,,Mortgage,Valid,81315
fc1bccbb90b721032fbe055529072ce7,Pennsylvania,Flat,2018-04-16,562377,,Mortgage,Valid,85663
04a48b9e3a5a7df5d59a5aba1196edfd,Pennsylvania,Flat,2018-03-17,220604,,Mortgage,Valid,59330
cb7c8b4872d0a9bd30a62496429eb5cd,Pennsylvania,Flat,2017-02-14,125990,,Mortgage,Valid,40724
7442508742ff43c4eb1eecd135c4ab67,Pennsylvania,Flat,2017-05-11,986255,,Mortgage,Valid,32638
f7f3c54edacda47d7d6c2cbf5b431d40,Pennsylvania,Flat,2010-06-08,989682,,Mortgage,Valid,13995
5e817411440a8939ddef0ac550d70a63,Pennsylvania,Flat,2016-08-18,569394,,Mortgage,Valid,96321
a46bf91e24e727eb8238ccec88b82354,Pennsylvania,Flat,2014-07-20,560345,,Mortgage,Valid,32491
353e9371de07108d25ac270b715d73c4,Pennsylvania,Flat,2013-08-30,223166,,Mortgage,Valid,73565
7d2c48c106a7f88fed8af06ae931c34c,Pennsylvania,Flat,2015-05-12,225844,,Mortgage,Valid,64983
8e73f1cff7f0a91aefd24a0e81ee9e81,Pennsylvania,Flat,2017-11-06,982242,,Mortgage,Valid,53257
49781b90b09db1c685719a3e01ae7f88,Pennsylvania,Flat,2015-05-31,565994,,Mortgage,Valid,91112
4f6b5df5c1894db4392bd27af4135c55,Pennsylvania,Flat,2008-11-08,129914,,Mortgage,Valid,33546
ae1bc8f17ba76e1c5773e3cc5737e587,Pennsylvania,Flat,2017-09-15,985767,,Mortgage,Valid,97208
a44a80438d1fe335a3cd9e179ff8e119,Pennsylvania,Flat,2011-08-04,568890,,Mortgage,Valid,66745
2e46c7e3652ddb6c0ff8cab12aa3245c,Pennsylvania,Flat,2013-06-18,565234,,Mortgage,Valid,53717
98fb7f7793f0eb18fce8ecc7b0d8dd12,Pennsylvania,Flat,2016-10-01,129804,,Mortgage,Valid,92144
4a6d23857f6a01ca0d3ed58540872027,Pennsylvania,Flat,2016-06-18,124662,,Mortgage,Valid,34492
977d839a17b96b39fa912caea7355939,Pennsylvania,Flat,2019-03-14,566628,,Mortgage,Valid,76424
e73adb507a21f27b84c7349bb9110427,Pennsylvania,Flat,2019-10-18,121799,,Pledge,Valid,96153
ee9a684cff69bfef2132faefda2685ed,Pennsylvania,Flat,2013-12-30,220221,,Pledge,Valid,71540
23613f987066ea4f456b35c4089fb4e2,Pennsylvania,Flat,2015-05-21,569978,,Mortgage,Valid,86831
49c8796813d6a5f9bdb56e2a512eadfc,Pennsylvania,Flat,2015-01-09,221127,,Mortgage,Valid,10096
26380533abf71809d72c8e1681b41195,Pennsylvania,Flat,2011-12-16,986141,,Mortgage,Valid,38805
d117f65e16a1d72001fad6f9aec6f217,Pennsylvania,Flat,2018-03-06,128751,,Mortgage,Valid,91990
7264e5f774071575e0c0c1e46aef5f8c,Pennsylvania,Flat,2011-03-23,126435,,Pledge,Valid,86151
68ab729dcf1d5ab7de80bbe02926cb44,Pennsylvania,Flat,2016-04-21,562150,,Mortgage,Valid,54624
84e7e29ca390d387d30d8a61fc91e411,Pennsylvania,Flat,2019-03-18,127913,,Mortgage,Valid,02554
50cd93bb9c57eea83d90216987620ed4,Pennsylvania,Flat,2012-08-03,221367,,Mortgage,Valid,33207
f5c7c0ec43b8e19bd313135212952f78,Pennsylvania,Flat,2011-04-16,223042,,Mortgage,Valid,76406
fe47ae92dad9679bfc5dae325839e13e,Pennsylvania,Flat,2010-09-28,224826,,Mortgage,Valid,81587
710d83c49f47d0367911d6c726424b5d,Pennsylvania,Flat,2010-04-09,124245,,Mortgage,Valid,06974
5042023a027566d9f03a36f880898c63,Pennsylvania,Flat,2018-05-27,982419,,Mortgage,Valid,33497
3a53541594c1ba0af317d72b65180686,Pennsylvania,Flat,2018-11-01,226810,,Mortgage,Valid,96013
d39c4f2953315f04e0fe061494bfca3c,Pennsylvania,Flat,2013-11-02,227727,,Mortgage,Valid,59547
938df4ec7362c38a44e36cdef2c2face,Pennsylvania,Flat,2016-08-12,220841,,Mortgage,Valid,41239
b3824e3e5cdb8d29b0376824c9fb385c,Pennsylvania,Flat,2018-01-03,128804,,Mortgage,Valid,75706
93b03b49e68424865b979795505dfd5c,Pennsylvania,Flat,2013-08-01,127319,,Mortgage,Valid,04838
9c3f729799226841efc98b409850a0c1,Pennsylvania,Flat,2008-08-19,229580,,Mortgage,Valid,81851
21407afdb6b91be681648f4b5ba57c00,Pennsylvania,Flat,2013-11-04,983951,,Mortgage,Valid,04839
991f66091219f5bf557d891d44ab8b35,Pennsylvania,Flat,2017-10-24,980931,,Mortgage,Valid,05727
e527c9ef8e310dab09cd1097a28d8ead,Pennsylvania,Flat,2006-03-11,980521,,Mortgage,Valid,37159
d57331bf48700cf21fb5b79d86c5f4c3,Pennsylvania,Flat,2019-09-17,986564,,Mortgage,Valid,58300
6adea757b175007bdf32078223bdc805,Pennsylvania,Flat,2009-01-20,229023,,Mortgage,Valid,55869
9e2079e05839e7fb07aa779a92580292,Pennsylvania,Flat,2012-01-18,227348,,Mortgage,Valid,67481
53313928aadb49960e99cbfc4c4d0e01,Pennsylvania,Flat,2007-11-10,228504,,Mortgage,Valid,16227
96172017b3e63dc730a6dadabb8bcd0a,Pennsylvania,Flat,2016-10-04,129731,,Mortgage,Valid,07450
d1be6c5b6c17364c1a43df2055121d23,Pennsylvania,Flat,2011-01-20,564381,,Mortgage,Valid,52188
2b7a3803a04a305bc751fef7976eb59d,Pennsylvania,Flat,2021-06-18,120899,,Mortgage,Valid,87202
a6efd5574b8cd4564b03040a305a8407,Pennsylvania,Flat,2017-07-20,569296,,Mortgage,Valid,60831
368b089377bd9975d78ee0bb9120e171,Pennsylvania,Flat,2009-04-14,124181,,Mortgage,Valid,28250
d525cf46c5d067a1bf10ba2261f3a173,Pennsylvania,Flat,2013-08-18,120596,,Mortgage,Valid,04110
d82ed6cace84897fc9a210c95c60c8d4,Pennsylvania,Flat,2009-12-15,563217,,Mortgage,Valid,09970
6001ef5c3face0f2ddb3f4d324c33243,Pennsylvania,Flat,2016-04-07,124264,,Mortgage,Valid,45415
01576ae226b8f69a4054af64cea8571e,Pennsylvania,Flat,2016-12-14,127907,,Mortgage,Valid,99230
8259e03fee3e3478a58c8de1673601d2,Pennsylvania,Flat,2018-11-27,121783,,Mortgage,Valid,23473
2275f3f277c1094c5257216064e3ed11,Pennsylvania,Flat,2014-02-17,227986,,Mortgage,Valid,26386
f0f6d0df26446824caaede711cac8b08,Pennsylvania,Flat,2008-09-12,120096,,Mortgage,Valid,16215
129643d2151e16b4d8ce51a5bb975912,Pennsylvania,Flat,2019-04-13,981729,,Mortgage,Valid,62729
a0812463cd9a95a662d501f03c0bba75,Pennsylvania,Flat,2016-11-15,124250,,Mortgage,Valid,24804
4e807d74402f9826d5510119e2f39b64,Pennsylvania,Flat,2018-08-21,988862,,Mortgage,Valid,06006
75e142e2cde7778ccad9b53f4b866454,Pennsylvania,Flat,2008-04-25,989751,,Mortgage,Valid,51588
b1312c24fbc41cf823e82790d064b886,Pennsylvania,Flat,2006-06-05,128227,,Mortgage,Valid,70115
9459a1b83a4729a6b541dbfdb59f4d59,Pennsylvania,Flat,2021-07-20,128496,,Mortgage,Valid,02106
ef393b77aba64b0f5ab3fbd415a47871,Pennsylvania,Flat,2021-02-08,981803,,Pledge,Valid,61796
818205328cf4ddaae109da27113d22b0,Pennsylvania,Flat,2016-03-17,982970,,Mortgage,Valid,92881
844049f2c4cd594b0cc96e9d97e4e63f,Pennsylvania,Flat,2014-04-18,983333,,Mortgage,Valid,71744
d48d969481a71b0be39f34b2c6f03ad7,Pennsylvania,Flat,2008-04-02,564377,,Mortgage,Valid,91301
60fdfef8f08ff6fd581d581b128b87d2,Pennsylvania,Flat,2014-04-30,980322,,Mortgage,Valid,42507
2b064d0d1bb1113ff38046e960de0daf,New York,Garage,2017-05-05,222349,2017-10-30,Mortgage,Valid,41677
03030e011fecd9595f6387212ed9ed52,Ohio,Detached,1994-06-02,563589,,Mortgage,Valid,08771
e4ba9ad192fcd382e41b3de513811d6f,Georgia,Detached,1997-06-02,984972,,Mortgage,Valid,74565
9ada1e20aaf877196658f9a6b050c46d,Georgia,Detached,1997-09-17,988734,,Mortgage,Valid,51630
6ed274c6a3007ab80788aa00c1016cf6,Illinois,Detached,2002-04-30,569381,,Mortgage,Valid,25208
4e4f679302770dcc39607e6701dfe07e,Illinois,Detached,2000-12-06,980364,,Mortgage,Valid,26443
e43010ab582c853ad73fdeb405e165c6,Illinois,Detached,1999-02-14,562005,,Pledge,Valid,13348
736ed1d27b4370c904ff53d64121374f,New York,Detached,2001-09-11,983268,,Mortgage,Valid,54478
ecc77af427427bb30c12a9a9954a1351,New York,Detached,1995-01-27,984697,,Mortgage,Defaulted,73239
d92226e4e7db12ebbcf1f4026340cef2,Pennsylvania,Detached,2000-08-04,984881,,Mortgage,Valid,19279
a7095c6149d63557f72f23e28177d4dd,Pennsylvania,Detached,1999-06-09,567460,,Mortgage,Valid,19166
9cd0cb6c30f4dd681c9a4ab5dace15f5,Pennsylvania,Detached,1999-12-10,981083,,Mortgage,Valid,52720
16498707c75f7bf496ef75ec42c1b25b,Pennsylvania,Detached,1996-02-16,220714,,Mortgage,Valid,95434
87c1cc39ee4bf340f6df68e731bc0717,Pennsylvania,Coach House,2012-03-30,561999,2013-03-05,Mortgage,Valid,71514
40340a4ee9506ecce33c80dac4e03f63,Ohio,Coach House,2018-03-17,989428,,Mortgage,Valid,71931
037222ee7dd9e811fd1c8c7116ae8a33,Ohio,Coach House,2018-04-24,568509,,Mortgage,Valid,61321
d36a9685cae4c7a472581fd6d45b98c2,Texas,Coach House,2015-10-25,223028,,Mortgage,Valid,05552
1afc33dea0c94bc0de3f2cc2960bf4f7,Texas,Coach House,2016-12-03,561751,,Mortgage,Valid,60554
924bf1540fbdbcbedcbe843e12b98fef,Texas,Coach House,2022-02-13,126735,,Mortgage,Valid,98069
2e8c78eaae6af7d7bbc47eb2e6e5207e,New York,Coach House,2013-08-17,569497,,Mortgage,Valid,96133
6c39ee29451860a3ed51af06edb08b45,Pennsylvania,Coach House,2008-07-04,220477,,Mortgage,Valid,88951
0394564937bc75a13a15d99c5d1bed86,Pennsylvania,Coach House,2008-06-10,981342,,Mortgage,Valid,76055
a5117691251193300f53868b543cd5e6,Pennsylvania,Coach House,2017-03-29,129177,,Mortgage,Valid,94515
4eb48d0393b1fe57df8aa72af15696f5,Pennsylvania,Coach House,2016-07-12,562597,,Mortgage,Valid,19097
b06c216a3d55f2e98de6258ab3cf7e31,Pennsylvania,Coach House,2009-01-03,569317,,Mortgage,Valid,84846
7345cb37ba8ed9e5d6f6a2f66c746b33,Pennsylvania,Coach House,2009-04-13,982843,,Mortgage,Valid,36171
e874f7c297769ca6a81fdd3c5bd89d1c,Georgia,Coach house,2014-05-19,981562,,Mortgage,Valid,95250
011efb60cab6406e8980e18a3f2f760c,Texas,Detached house,2006-01-08,228513,2005-12-31,Mortgage,Valid,50781
97734059f6592a3ba80cb9a30880039f,Pennsylvania,Detached house,2008-01-29,122140,2007-11-02,Mortgage,Valid,26516
e76c1bec0e2b5608cc8004adb9a69203,Texas,Detached house,2017-03-29,225035,,Mortgage,Valid,41577
ccc42d10726c4b9e118c453b4bd19bf7,Texas,Detached house,2011-11-24,560973,,Mortgage,Valid,77064
6bb2c2052a1d3d51c9f3abbd63548ab9,Texas,Detached house,2018-12-28,229668,,Mortgage,Valid,46774
508ccf60b8de1c83a98f575a5ac0d3fc,New York,Detached house,2018-01-09,560977,,Mortgage,Valid,03442
c9f3da90af4d9681110b672eecbb565f,New York,Detached house,2016-10-29,127976,,Mortgage,Valid,35068
b1a2f25fe0a064b8bd53a0fd2d34c3dd,New York,Detached house,2014-05-26,989627,,Mortgage,Valid,76645
64294a4a1df5e626809976bcae75906b,New York,Detached house,2015-08-09,223266,,Pledge,Valid,05366
c8263e118bdd771c01842f53dc81ca7c,New York,Detached house,2020-09-29,563678,,Pledge,Valid,51499
f8be7b0a9db2f93323e2c27a5c57416a,Illinois,Terraced house,2017-01-26,989815,2009-10-30,Mortgage,Valid,93613
2cfb461d859aa16c9f3a3bd3c35b93e5,Illinois,Terraced house,2017-06-03,127952,,Mortgage,Valid,22289
072f4c35b3934bb0e5a51ac42bd6a37f,Ohio,End terraced house,2019-03-05,227422,,Mortgage,Valid,98269
b9656b37cbd03b515073d51da1250ade,Ohio,Commercial property,2014-09-15,120418,2015-07-12,Mortgage,Valid,22021
fab9e9e428ac7689649d6efb55e0e8ac,Texas,Commercial property,2015-03-14,223711,2014-02-14,Mortgage,Valid,82365
64b572e5dbeb0c0a03e886ae7e1c233d,Texas,Commercial property,2017-12-09,221588,2014-01-12,Mortgage,Valid,26235
ae10386836a9f3e32477135ce39769bc,Illinois,Commercial property,2006-07-19,223495,2006-09-14,Mortgage,Valid,28558
55949a81d99d7aece5b419a1ebd86c8d,New York,Commercial property,2008-02-01,129032,2004-04-15,Mortgage,Valid,23176
aac3b152e50a8597ec6fe57cacb5b1b4,Pennsylvania,Commercial property,2017-09-12,129926,2003-07-31,Mortgage,Valid,77751
4e584435a284cf492b712ef1516ebd4c,Pennsylvania,Commercial property,2015-03-05,564637,2015-05-05,Mortgage,Valid,97843
d48089c8b48979fa979475a6e41060d7,Ohio,Commercial property,2014-02-22,126212,,Mortgage,Valid,58469
78de16358a5ef332b956bff1927d4207,Texas,Commercial property,2007-03-04,122112,,Mortgage,Valid,76805
bec63eb3ebeb414bee92addb1ec2e812,Texas,Commercial property,2022-01-20,121755,,Mortgage,Valid,64851
3416dd5f096df83b62582f6f7f90f009,Texas,Commercial property,2016-04-02,220460,,Mortgage,Valid,59196
457a53a99a147c8cc05d7525bd643001,Texas,Commercial property,2015-09-08,986994,,Mortgage,Valid,12400
0adeaa827c88b4a9de57bbe7ddc756d9,Texas,Commercial property,2017-12-13,562634,,Mortgage,Valid,10157
f4f269ec97e8286fa65ec9a4ff19185e,Texas,Commercial property,2006-12-13,128175,,Mortgage,Valid,79348
e310f77a10a112abbf3ad2dde53cb7f3,Texas,Commercial property,2021-11-09,224448,,Mortgage,Valid,94157
065dd844087d2f3d9c7412ed71f534b6,Texas,Commercial property,2015-12-23,564058,,Mortgage,Valid,89046
31d762a0f16545a604c96fe327d3b963,Texas,Commercial property,2015-12-08,126812,,Mortgage,Valid,50224
7c7923ec29d7dfccd0727679b72df6ae,Texas,Commercial property,2017-12-26,563370,,Mortgage,Valid,60654
573ff81785c6981468d4157cd19d8852,Texas,Commercial property,2016-10-05,982434,,Mortgage,Valid,14854
2daee6f019abd6447b07c2ede8ad4c08,Texas,Commercial property,2017-01-04,982343,,Mortgage,Valid,08257
8cb3a611166fc704c67b9c7aac8aae0c,Texas,Commercial property,2014-02-09,981866,,Mortgage,Valid,40673
0f5b4bf3053901d83062352ef135a563,Illinois,Commercial property,2011-03-10,562592,,Mortgage,Valid,25893
2669830d58b096330dc55ffaa684a697,Illinois,Commercial property,2015-02-14,986074,,Mortgage,Valid,95322
0298b42d7e7ddc036903fa422df4f35d,New York,Commercial property,2021-02-02,222845,,Mortgage,Valid,71012
92c11d4a072744c1ab6c59f1d3a19eb6,New York,Commercial property,2021-10-08,569968,,Mortgage,Valid,45174
f53f7fdd1dc6dd63efbe63e04f294d4b,New York,Commercial property,2016-07-22,225548,,Mortgage,Valid,58603
ed2082631ec16e65ead40908fbcfb686,New York,Commercial property,2015-07-17,565628,,Mortgage,Valid,26998
e80612d0e36baeea83778648ace7814e,New York,Commercial property,2018-04-22,561442,,Mortgage,Valid,36674
9935927ab58f11e3625488b8eb570dc9,New York,Commercial property,2009-04-10,566450,,Mortgage,Valid,19896
5f9914ea1aeb768180f601288294c6a1,New York,Commercial property,2017-12-01,561238,,Mortgage,Valid,68199
a5ae6458911eb24ebd4a2262692e5c0c,New York,Commercial property,2015-07-01,228781,,Mortgage,Valid,19180
89fe33bc5799c1079a46c6d0aa5de3bc,California,Commercial property,2019-02-17,222834,,Mortgage,Valid,88611
8602ce268cbf451abede837696d078da,Pennsylvania,Commercial property,2020-03-14,566193,,Mortgage,Valid,17800
51723be1932226f83751bd9a733d2d75,Pennsylvania,Commercial property,2019-01-23,566813,,Mortgage,Valid,87796
a29b7725a392bee449da44d7ce09498b,Pennsylvania,Commercial property,2009-02-13,222082,,Mortgage,Valid,91200
3c9247d37e86fcbaea39bdc397bc1a43,Pennsylvania,Commercial property,2016-12-22,127296,,Mortgage,Valid,52241
7341d2f51b332b9629a78691f5d7569b,Pennsylvania,Commercial property,2011-01-14,980642,,Mortgage,Valid,90536
6959b74fc2489438c469acea51cb2da7,Pennsylvania,Commercial property,2010-05-23,222877,,Mortgage,Valid,02781
963fe2c53856b8653c853b85f76f20f4,Pennsylvania,Mid terrached house,2017-08-04,981215,,Mortgage,Valid,47229
daa802595c637e7275ff663864b49f10,Texas,Semi detached house,2018-05-30,121988,2012-09-17,Mortgage,Valid,27095
928ae540fc7c005ff5ba46738351b752,Illinois,Semi detached house,2014-02-27,127852,2014-01-10,Mortgage,Valid,62921
a1c250dee4802af259d23742fdc5be5a,Illinois,Semi detached house,2014-02-06,228862,2013-10-03,Mortgage,Valid,45004
c7776a0b15da09dd83d9f60ab87b6043,New York,Semi detached house,2016-10-05,220055,2015-05-12,Mortgage,Valid,92811
3514d7c8df9d2fe72ab2d613072985e6,New York,Semi detached house,2015-01-11,126188,,Mortgage,Valid,29798
2c91dda29da00bd5e1c0ff8465abfe87,Texas,Link semi detached house,2015-03-01,127942,,Mortgage,Valid,33552
046798d63db3b0f939759329d5ea8536,Illinois,Link semi detached house,2020-12-15,124038,,Mortgage,Valid,96305
e58af4cc1072cefc2a2bc5ad48c6bfa7,Illinois,Link semi detached house,2016-11-21,987461,,Mortgage,Valid,41477
b44d43623d7221ac8ef882798e3216bc,New York,Link semi detached house,2017-11-22,222204,,Mortgage,Valid,29696
7d3d3a53dc01400f13f8e1a0f18b042a,New York,Link semi detached house,2019-01-15,567568,,Mortgage,Valid,86252
e4f809891abc418ba5ca19a0125975ae,New York,Link semi detached house,2021-12-21,122502,,Mortgage,Valid,02055
9c2ec9515c31bafb5e774791178e469c,Pennsylvania,Link semi detached house,2014-03-12,983413,,Mortgage,Valid,28235
d6b85eca4659a17ce7f827994d6d662b,Ohio,Flat,,121731,2018-07-04,Mortgage,Valid,78455
bae2b8d26bbd2a7f459c29e7a9febb09,Ohio,Flat,,227580,2014-07-23,Mortgage,Valid,33686
2ee5ff993a8ddb2c000cd934220dab1d,Ohio,Flat,,980565,2017-01-30,Mortgage,Valid,50779
c06e8fae867c0dcc029903296ecc039c,Ohio,Flat,,569044,2009-05-19,Mortgage,Valid,95219
0a25df213954324320ff484ca5b37f81,Ohio,Flat,,226694,2016-05-04,Mortgage,Valid,09651
5227b8006fdf7d953718adec5d4d6db2,Ohio,Flat,,120143,2015-04-26,Mortgage,Valid,40536
404cee6c21843e8d958e66edb84d647b,Texas,Flat,,563163,2015-11-25,Mortgage,Valid,82684
6be3c2d23e9566e5d1b2cf2443ed27cd,Texas,Flat,,129649,2020-04-16,Mortgage,Valid,63273
4eadb60c58c4a5e2bd113d8d65cf567a,Texas,Flat,,560699,2016-04-11,Mortgage,Valid,44678
32044a0bbb0f2b267beda47a9aee5782,Texas,Flat,,221686,2015-11-28,Mortgage,Valid,73714
db7c7aebc0b013a484eb972c138065f0,Texas,Flat,,567772,2017-01-13,Mortgage,Valid,82771
f82bb5aa936410924de11b9ecb8c6c2a,Texas,Flat,,223612,2016-02-20,Mortgage,Valid,53864
cb63d02b45cee0348de1b488b09c4eec,Texas,Flat,,989281,2013-05-04,Mortgage,Valid,47733
3b8399160b1f4fe57f039b14ea879291,Texas,Flat,,121774,2017-09-11,Mortgage,Valid,75698
4735124c07e4b81683c5917e970c10f3,Texas,Flat,,221150,2014-02-08,Mortgage,Valid,02657
0970ed41c0b41764f5e54f1820d0a692,Texas,Flat,,123157,2018-06-22,Mortgage,Valid,89208
0f87ac3d4740aa2153e89674283df065,Texas,Flat,,565541,2011-01-15,Mortgage,Valid,61457
fd69a94a953628c2e8c83029c4b8635c,Texas,Flat,,125154,2018-06-15,Mortgage,Valid,85780
6f7bbb04285e02485d5de87debca11a0,Texas,Flat,,981753,2014-05-18,Mortgage,Valid,19544
548b6df3af277b64cf0cb6ee4b81c5b6,Texas,Flat,,220355,2019-10-29,Mortgage,Valid,70140
ff71909e8620de346a47f4ede09cc91e,Texas,Flat,,984343,2019-03-25,Mortgage,Valid,81743
7bba948aa22e49c39184fc4a9161d88c,Texas,Flat,,126677,2016-09-26,Mortgage,Defaulted,88681
ade785cc26a8143aad8ef7922e5bc76b,Texas,Flat,,561445,2016-04-08,Mortgage,Valid,99825
639d717099ca14c9688b6933507ee83c,Texas,Flat,,122621,2019-03-17,Mortgage,Valid,49787
4f9f191c8205a59a5c78d5c3ad353d54,Texas,Flat,,123356,2018-12-19,Mortgage,Valid,29357
481d61bc5f9be1f1edf497133e7be93f,Texas,Flat,,226121,2018-11-03,Mortgage,Valid,86026
f5e66c268b06e88ad516e5532a91aa47,Florida,Flat,,563392,2015-06-13,Mortgage,Valid,37408
211f351a72ffc13177c025bb60287a1e,Illinois,Flat,,121534,2015-02-06,Mortgage,Valid,41142
f4703142ba7fd3d3f8d9034a54b1d8e6,Illinois,Flat,,129548,2018-01-21,Mortgage,Valid,26133
c3e19c99529cc796f2d07bc182e42109,Illinois,Flat,,122069,2007-09-18,Mortgage,Valid,36301
0f329f91abe15e9433a63d46ddebb21f,Illinois,Flat,,569063,2020-12-16,Mortgage,Valid,86280
25348f3a6ed3f528d58e814e6996488a,Illinois,Flat,,565954,2016-11-03,Mortgage,Valid,68569
146ec4c05381b361e407db6bd2895ebc,Illinois,Flat,,222174,2017-04-29,Mortgage,Valid,17605
d6fe6e12906f664619acdf8d59678585,Illinois,Flat,,982025,2012-09-25,Mortgage,Valid,47313
d102734846c233f067d29bb495b5a1d6,Illinois,Flat,,221947,2014-01-28,Mortgage,Valid,42028
7bad9706bf29f1a541acce335cca2e95,Illinois,Flat,,122328,2015-10-23,Mortgage,Valid,82322
3266efff02fdf108794d15d849b6f78a,Illinois,Flat,,224368,2015-06-09,Mortgage,Valid,07915
aa9d4a04cf40a2f203ee4ec538264083,Illinois,Flat,,568188,2015-04-30,Mortgage,Valid,28612
45d5fb7a09a2193bbc3b5e26fb6b9708,Illinois,Flat,,983477,2011-01-12,Mortgage,Valid,58186
988b69907f809e8a5de2603611f7a476,Illinois,Flat,,983125,2020-12-14,Mortgage,Valid,37458
a9937a2f7abe138dd03fb12df09ef2fe,New York,Flat,,225328,2016-02-17,Mortgage,Valid,76945
e5728523471a1772ef536d72950e2027,New York,Flat,,123256,2012-01-09,Mortgage,Valid,58975
0b0c0691805655778ce8ed424c7ede77,New York,Flat,,988033,2016-08-31,Mortgage,Valid,91740
b188a353da42af13c1bfa5d7f15af165,New York,Flat,,565916,2016-01-12,Mortgage,Valid,80151
1a05baf627e0afc562eb18381aa01a06,New York,Flat,,228556,2000-05-31,Mortgage,Valid,09041
43092a27409b2d5d73b781690ad621d5,New York,Flat,,221052,2017-10-05,Mortgage,Valid,85152
933abd13ba6da8f6a8fad256bd16b489,New York,Flat,,126522,2017-12-19,Mortgage,Valid,73036
d68c96fa2eb6dc6b6801cdbcf738cbd6,New York,Flat,,221212,2016-09-12,Mortgage,Valid,03325
b58ab5655df5a46e279469d9c0163e13,New York,Flat,,224978,2016-12-29,Mortgage,Valid,69456
be0d8e82a66a9eacd62ffe5843fad975,New York,Flat,,224743,2014-07-31,Mortgage,Valid,84777
7182418785b21bc56926972511f8ef79,New York,Flat,,988343,2017-02-22,Mortgage,Valid,68890
65f58eb550adf33579caffedbfd5e635,New York,Flat,,220774,2017-05-17,Mortgage,Valid,85364
eee69dac4443d9bf8a31112cae1995d0,New York,Flat,,126362,2015-12-25,Mortgage,Valid,38707
eb1ad4f793ff9158869d849201defade,New York,Flat,,222618,2020-01-28,Mortgage,Valid,61581
77902ebcd63584efb0ea818642fb0b8e,New York,Flat,,561052,2008-12-19,Mortgage,Defaulted,16828
99148208ebffefca6fb2f718af559a56,New York,Flat,,564455,2017-11-29,Mortgage,Valid,56337
30caca3347a05bddcf8855403295011a,New York,Flat,,562079,2020-09-22,Mortgage,Valid,02879
efb34cd30c91b436ecda474c89f5073f,New York,Flat,,229661,2015-04-17,Mortgage,Valid,37008
6c951f958db89f8bd205932e2270dd6a,New York,Flat,,989698,2017-07-02,Mortgage,Valid,79127
2b485e60e6e53652212830af620eb4d1,New York,Flat,,122685,2015-04-01,Mortgage,Valid,06053
774fa8d3d95e3f6eac00c796199dc355,New York,Flat,,981766,2020-01-09,Mortgage,Valid,76124
93eecc722a78d9587a7342d7de27a058,New York,Flat,,223787,2013-12-16,Mortgage,Valid,26354
c1aabbf618c7b7d5f615b95b80fdaf7b,New York,Flat,,989247,2018-04-22,Mortgage,Valid,38616
2e866470b4a43600f7858e46544f7e60,New York,Flat,,229759,2019-09-13,Mortgage,Valid,34261
8246674e7049f9b875bdc38a95267b16,New York,Flat,,563580,2021-03-24,Mortgage,Valid,02317
184d865db12222bc67e657ea19e12bef,New York,Flat,,122560,2017-09-11,Mortgage,Valid,29529
390a1468679a334aa128c1f647e8f9f1,New York,Flat,,227314,2018-04-23,Mortgage,Valid,55263
891b9a6a7404b54365a5987e0cf8d710,Pennsylvania,Flat,,124342,2013-10-20,Mortgage,Valid,90108
83093a23747e6a36888c642df731977a,Pennsylvania,Flat,,561929,2012-10-04,Mortgage,Valid,55786
1786162f9ef58155bdb4f4efa1e6a431,Pennsylvania,Flat,,225175,2009-06-01,Mortgage,Valid,70043
9847159a237a70f3acb720bd2566c949,Pennsylvania,Flat,,229617,2021-01-02,Mortgage,Valid,78349
92e20eab54bd82827ce734642848b05e,Pennsylvania,Flat,,980351,2016-05-06,Mortgage,Valid,58653
f5ed7f1056390108128ba6981048518b,Pennsylvania,Flat,,129981,2012-07-18,Mortgage,Valid,20610
7b8e9d9fd20df31aad485a76589e3b8a,Pennsylvania,Flat,,561572,2013-01-12,Mortgage,Valid,84936
86289ca4d35dd8f573fe8c7b201f4983,Pennsylvania,Flat,,563115,2015-03-26,Mortgage,Valid,41852
79a657c98b5fe2931890780076c3bc98,Pennsylvania,Flat,,221244,2019-05-06,Mortgage,Valid,41462
b4ad45ae8b76d435e8a774153fc3512b,Pennsylvania,Flat,,567947,2019-01-04,Mortgage,Valid,86967
0611dfa29e9ed9253fb69ccede58e879,Pennsylvania,Flat,,222624,2014-10-22,Mortgage,Defaulted,87501
36b842915a4af9d93f25342f34eeca91,Pennsylvania,Flat,,985486,2009-11-29,Mortgage,Valid,30036
5e7890f776fb85bca942af27b0efe81f,Pennsylvania,Flat,,560774,2009-09-23,Mortgage,Valid,85462
e32efc8023b97e0ebb6a97891b8ef96f,Pennsylvania,Flat,,563604,2012-10-07,Mortgage,Valid,19562
0b144d9d351982d465719abe392815d2,Pennsylvania,Flat,,225952,2015-12-23,Mortgage,Valid,02672
83fd4d43b25de4ec394e3c481570f7b2,Pennsylvania,Flat,,128921,2013-02-13,Mortgage,Valid,99488
d6f887f8fdf1acb6c621364885ec34c1,Pennsylvania,Flat,,564880,2017-11-29,Mortgage,Valid,88463
df1a3784434e9c6119916b0f24d84ad0,Ohio,Flat,,988595,,Mortgage,Valid,20815
d57d8d055715bc84cc0a3d4929f7b929,Ohio,Flat,,124409,,Mortgage,Valid,19998
4592852f616e40b226c351cf02fb2d4c,Ohio,Flat,,122857,,Mortgage,Valid,29159
6ed114c4ef1f13c1597cb2b11475cd3f,Texas,Flat,,981781,,Mortgage,Valid,83443
4ab9f942fcf25502d1b1a75f31a7ce7f,Texas,Flat,,566186,,Mortgage,Valid,07489
028f0261bca4cf7bd634ee7f708fea10,Texas,Flat,,563328,,Pledge,Valid,58781
acd338e35fe651c1a11a400651399e25,Texas,Flat,,226216,,Mortgage,Valid,16295
7898ca5742c30407c2cbc56f11ea9725,Texas,Flat,,229707,,Mortgage,Valid,91008
053c0513c6fc5b71f1e75d5ecc69ceef,Texas,Flat,,982051,,Mortgage,Valid,01635
1134087df06906d3f2b646327d1a696e,Texas,Flat,,568677,,Mortgage,Valid,19728
de6f75ddbda54dcf05cb061b845e911f,Texas,Flat,,984927,,Mortgage,Valid,68424
9b252df287527885c3654c8a2b3c66a9,Texas,Flat,,220245,,Mortgage,Valid,99564
f42794695f83b46bb09366fdde21dfc4,Georgia,Flat,,222934,,Mortgage,Valid,76075
2352ec5f733cff32ec9e8a5ea9dbe501,Illinois,Flat,,120650,,Mortgage,Valid,25283
e52e112b90ccd6dec3ce43ca3e1cb58d,Illinois,Flat,,124804,,Mortgage,Valid,55322
9b749dae1ff1351e0bb9a73efde06c82,Illinois,Flat,,562226,,Mortgage,Valid,37107
bee199b2f29e57c0f9d05f20a3868f93,Illinois,Flat,,981130,,Mortgage,Valid,81817
4c8e6c3401b674f664274765e0484e0b,Illinois,Flat,,563928,,Mortgage,Valid,28380
0811fda32e0f42a6f24f198115f1cfc7,Illinois,Flat,,227954,,Mortgage,Valid,60330
151f1d6d3bf7aa4c0e3c65f2ca8d7d5c,New York,Flat,,565316,,Mortgage,Valid,47842
6465e80f5638bb4eefdd1a48038999c1,New York,Flat,,126501,,Mortgage,Valid,16831
cd63d9d932ab73c74653966aa0416aaf,New York,Flat,,562703,,Mortgage,Valid,21796
bc1b0d26991ab2ad4b118b6b2be046f0,New York,Flat,,987023,,Mortgage,Valid,32092
ebec03eee32d33067e2bb411ae463b1f,New York,Flat,,987422,,Mortgage,Valid,87431
facaab296260a4e25a1c9d6bdf82289d,New York,Flat,,123698,,Mortgage,Valid,14813
d2182d43c186064296d82653b22f2a72,New York,Flat,,982707,,Mortgage,Valid,95578
5358a79d4e649047a390fe075557a681,New York,Flat,,126870,,Mortgage,Valid,21845
23ed1493af5379d1ce9638bf7b2511c9,New York,Flat,,229773,,Mortgage,Valid,63617
c73ffa9b076b07628e026517912f68cb,New York,Flat,,986567,,Mortgage,Valid,26474
a02258539bd7cb740188bd6b15cc4fe6,New York,Flat,,982891,,Mortgage,Valid,54774
9f0f34b86c920534be61262b348d21d3,New York,Flat,,986422,,Mortgage,Valid,55606
0e1195125972425ba3c53a4583e3bdab,New York,Flat,,986125,,Mortgage,Valid,47396
040976671f36ad59c11cbd008f775f7e,Pennsylvania,Flat,,129931,,Pledge,Valid,47621
e1aa3104ea7878f17e762c1060836d87,Pennsylvania,Flat,,982135,,Mortgage,Valid,18569
7068160f584dc30925365b3a73ef6923,Pennsylvania,Flat,,569321,,Mortgage,Valid,54578
be0719d180ccc17cc61fe13ab534bc40,Pennsylvania,Flat,,986901,,Mortgage,Valid,66568
7aaeea2857f6a23f97b6b09db1488c39,Pennsylvania,Flat,,989201,,Mortgage,Valid,02594
971326bdd1bcc02c2ecf93de248306f7,Pennsylvania,Flat,,122693,,Mortgage,Valid,06999
2f2c38366a2dbb138f25e55f6f0e61a9,Pennsylvania,Flat,,986308,,Mortgage,Valid,36203
7cc38c7841a8b5748c1ec3974a9d1e22,Pennsylvania,Flat,,565732,,Mortgage,Valid,58121
0e39c38761a2979c16432914fd9f19f7,Pennsylvania,Flat,,569949,,Mortgage,Valid,95628
e28ece9fac0028b6bf24f26ff5f94df2,Illinois,Detached,,564740,2002-06-14,Mortgage,Valid,56431
d5dfac53eb01fa20615cc6cf1301e9da,New York,Detached,,982371,2000-11-29,Mortgage,Valid,92765
8c88ba3901c92c39fe90788dbcc7fb99,Ohio,Detached,,127997,,Mortgage,Valid,13048
d149ca841cfcafaa3c78166a8a60b9de,Ohio,Detached,,220931,,Mortgage,Defaulted,61703
709dc5f3d08bd364fe0d6dfac125c489,Ohio,Detached,,982662,,Mortgage,Valid,15099
6a6921f259f4c92459bef7a9d2ec9713,Texas,Detached,,126493,,Mortgage,Valid,04171
69842973093ba673322fecaba4f9c0ce,Texas,Detached,,986983,,Mortgage,Valid,93782
f0953c0441466a9e37a13f350eaeceef,Texas,Detached,,121637,,Mortgage,Valid,07935
f37b6785ea8177502ef10c184619a3f3,Texas,Detached,,222939,,Mortgage,Valid,53239
a9b2fe814464bb5c6325b119b3189d21,Georgia,Detached,,566214,,Mortgage,Valid,61780
72745ba3161813937a2506582f5a0311,Georgia,Detached,,126616,,Mortgage,Valid,88246
0172b25d4aee219aad77ac8e8859716f,Georgia,Detached,,561066,,Mortgage,Valid,08706
3d23d15e2e861d31a4f265dc815a6047,Pennsylvania,Detached,,984988,,Mortgage,Valid,60869
d89bee98a333ab7c6d4d3fd64fe3cd1d,Pennsylvania,Detached,,989211,,Mortgage,Defaulted,84787
68f2939f9515fc2517193f91da234c3c,Pennsylvania,Coach House,,224165,,Mortgage,Valid,55364
ca99b343e612a0292fcf7cbbafcc416e,Texas,Detached house,,983612,,Mortgage,Valid,40231
137925d1a651f019d7b7ce4104c2f347,Illinois,Detached house,,121752,,Mortgage,Valid,59748
a8502835afe908b0478bcc2bfb63762e,Illinois,Commercial property,,564922,,Mortgage,Valid,00092
3c0d037acb07b51a9e9033735c9ef54f,Texas,Link semi detached house,,563276,2021-10-13,Mortgage,Valid,81411
